UsageFreq,AgentDepth,AIModelCount,WorkflowIntegration,ProblemCount,ThreatLevel,DevEnvToolCount,WorkExpNum,y_true,y_pred,y_proba
4,0,1,3.0,1,0.0,0,8.0,0,0,0.0
3,1,1,1.0,2,0.0,5,20.0,0,0,0.0
3,1,0,10.0,4,0.0,4,10.0,0,0,0.043333333333333335
5,2,5,7.0,1,0.0,2,20.0,0,0,0.25166666666666665
5,1,0,4.0,1,0.5,0,1.0,0,0,0.021666666666666667
5,3,3,4.0,3,0.0,2,24.0,1,1,0.5633333333333334
3,1,0,1.0,2,0.5,1,8.0,0,0,0.0
5,3,1,1.5,1,1.0,6,14.0,0,0,0.27166666666666667
5,3,4,0.0,2,0.0,4,19.0,0,0,0.455
5,4,2,3.0,1,0.5,3,1.0,0,0,0.32
4,0,1,1.0,2,0.0,2,5.0,0,0,0.0
3,1,0,0.5,2,0.0,0,10.0,0,0,0.0
4,2,3,2.0,2,0.5,2,23.0,1,1,0.5083333333333333
5,5,5,7.0,1,1.0,6,33.0,0,0,0.045000000000000005
5,5,2,4.5,3,1.0,2,17.0,1,1,0.52
5,5,5,6.5,3,1.0,9,11.0,0,0,0.2383333333333333
5,0,0,0.0,2,0.0,0,2.0,0,0,0.0016666666666666668
5,2,7,5.0,2,0.0,11,8.0,0,0,0.4466666666666666
5,1,3,3.0,1,1.0,0,20.0,0,0,0.3283333333333333
5,2,0,0.0,1,1.0,3,12.0,0,0,0.013333333333333334
4,1,0,2.0,0,1.0,2,34.0,0,0,0.011666666666666665
3,1,0,0.5,1,0.0,3,19.0,0,0,0.0
5,5,9,6.0,1,1.0,1,15.0,0,0,0.275
5,1,2,2.0,2,0.0,3,7.0,0,0,0.05666666666666667
5,2,1,8.0,2,0.0,6,10.0,0,0,0.265
5,5,3,7.5,1,0.5,3,3.0,0,0,0.10833333333333334
3,0,0,2.0,2,0.5,2,9.0,0,0,0.0016666666666666668
5,1,4,3.0,2,0.0,3,12.0,1,0,0.41
5,4,0,7.0,2,0.0,2,20.0,1,0,0.3016666666666667
5,1,9,5.5,3,0.5,9,12.0,0,0,0.17833333333333332
4,1,2,4.0,2,0.0,7,15.0,0,0,0.16333333333333333
5,5,4,3.5,1,0.0,4,5.0,0,0,0.10166666666666667
1,1,0,0.0,3,0.0,3,27.0,0,0,0.0
4,4,4,6.0,1,0.5,1,3.0,0,0,0.4466666666666666
1,0,0,1.5,2,0.0,1,15.0,0,0,0.0
5,1,0,5.0,2,0.0,2,25.0,0,0,0.21666666666666667
5,3,0,3.0,0,0.0,4,8.0,1,0,0.26486111111111116
5,1,4,6.5,1,0.0,6,7.0,0,0,0.09000000000000001
2,0,0,1.0,3,0.0,0,2.0,0,0,0.0
5,5,7,10.0,1,0.0,3,31.0,0,0,0.06666666666666667
3,0,0,0.0,2,0.0,4,12.0,0,0,0.0
1,0,0,0.0,0,0.0,0,9.0,0,0,0.0
5,2,3,4.0,2,1.0,1,9.0,1,1,0.525
5,5,10,6.5,2,0.0,6,15.0,0,0,0.11666666666666665
2,0,0,0.0,0,0.0,3,51.0,0,0,0.0
5,5,5,8.0,1,0.0,3,15.0,0,0,0.155
3,2,0,3.0,2,0.5,5,1.0,0,0,0.049999999999999996
5,4,3,6.0,1,0.0,3,7.0,1,0,0.065
5,5,2,3.5,1,1.0,0,10.0,1,0,0.13555555555555554
5,1,0,3.0,1,1.0,5,9.0,0,0,0.06833333333333334
3,0,0,0.0,2,0.0,2,20.0,0,0,0.0
4,2,2,0.0,1,0.0,3,1.0,0,0,0.15666666666666665
5,4,3,5.0,1,1.0,3,12.0,1,0,0.315
4,0,0,0.0,1,0.0,1,3.0,0,0,0.0
3,0,0,2.0,2,0.0,3,7.0,0,0,0.0
1,0,0,0.0,1,0.5,0,12.0,0,0,0.0
3,0,0,0.0,2,1.0,0,14.0,0,0,0.0
5,1,1,0.0,1,0.5,1,30.0,0,0,0.0033333333333333335
5,5,6,2.5,4,0.0,6,12.0,1,0,0.4183333333333334
4,3,2,1.5,2,0.0,3,6.0,0,0,0.43166666666666664
3,1,4,0.0,2,0.0,6,11.0,0,0,0.011666666666666665
5,0,0,0.0,2,0.0,6,9.0,0,0,0.0016666666666666668
4,2,0,0.5,2,1.0,2,18.0,0,0,0.006666666666666667
3,0,0,1.0,3,0.0,0,9.0,0,0,0.0
5,0,0,3.5,2,0.0,1,4.0,0,0,0.0016666666666666668
4,2,1,2.5,2,0.5,6,8.0,0,0,0.21333333333333335
5,2,3,3.5,1,0.5,5,18.0,1,0,0.26333333333333336
4,1,3,1.5,2,0.0,2,8.0,0,0,0.065
4,3,3,0.5,4,1.0,4,8.0,1,1,0.5933333333333333
5,3,0,5.0,2,0.0,0,2.0,1,0,0.17944444444444443
4,4,0,0.0,2,0.5,0,18.0,0,0,0.025000000000000005
5,1,0,0.0,1,0.0,0,20.0,0,0,0.0
1,0,0,0.0,2,0.0,0,22.0,0,0,0.0
5,0,1,8.5,0,0.5,2,4.0,0,0,0.16333333333333333
4,0,0,0.5,2,0.0,5,8.0,0,0,0.0016666666666666668
3,0,0,3.0,1,1.0,4,21.0,0,0,0.006666666666666667
4,0,0,0.0,1,0.0,0,43.0,0,0,0.0033333333333333335
3,0,0,1.0,0,0.0,0,6.0,0,0,0.0
3,3,1,0.0,3,0.0,2,28.0,0,0,0.02666666666666667
4,0,2,0.0,1,0.0,2,20.0,0,0,0.0
4,4,3,4.0,2,0.0,4,5.0,0,0,0.3947222222222222
2,1,0,1.5,2,1.0,2,35.0,0,0,0.0016666666666666668
5,2,3,2.5,3,0.0,2,3.0,1,0,0.49333333333333335
5,3,17,7.0,5,1.0,0,1.0,1,0,0.26333333333333336
5,5,0,0.0,1,0.0,0,3.0,0,1,0.67
2,0,0,0.0,1,0.0,1,5.0,0,0,0.0
5,2,5,0.0,2,0.0,7,10.0,1,1,0.6683333333333333
5,3,2,4.5,1,0.5,2,8.0,0,0,0.26999999999999996
5,4,7,4.5,2,0.5,2,5.0,0,0,0.25333333333333335
4,0,3,0.0,1,0.5,0,3.0,0,0,0.0033333333333333335
5,2,10,4.0,1,1.0,3,8.0,0,0,0.245
5,1,2,4.5,1,0.5,2,15.0,1,0,0.1366666666666667
5,2,0,5.5,2,1.0,5,6.0,0,0,0.2916666666666667
5,2,2,3.0,1,0.5,3,8.0,0,0,0.2138888888888889
1,0,0,0.0,0,0.0,0,12.0,0,0,0.0
3,3,0,0.0,2,0.0,0,7.0,0,0,0.0
4,2,1,2.0,2,0.0,4,4.0,0,0,0.05833333333333334
5,5,5,10.0,2,1.0,2,1.0,0,0,0.14
5,4,0,4.5,1,0.0,0,6.0,1,1,0.7066666666666667
5,1,0,3.0,3,0.5,6,4.0,0,0,0.08166666666666667
1,0,0,0.0,2,0.0,9,10.0,0,0,0.0
5,1,9,8.5,1,0.0,7,11.0,0,0,0.043333333333333335
5,1,6,3.0,3,1.0,4,23.0,0,0,0.49
5,4,7,5.0,4,0.0,4,1.0,0,0,0.36999999999999994
4,0,2,2.5,2,0.0,2,8.0,0,0,0.005
4,2,2,0.0,4,0.0,3,17.0,0,0,0.14333333333333334
3,0,6,1.0,2,0.0,5,10.0,0,0,0.08833333333333333
5,0,0,0.5,2,0.0,3,23.0,0,0,0.0
5,5,4,2.0,1,0.0,3,10.0,0,0,0.13333333333333333
5,0,5,8.0,0,0.0,5,2.0,1,0,0.18000000000000002
5,5,1,4.5,1,0.0,1,5.0,1,0,0.17124999999999999
5,4,3,5.0,2,1.0,8,11.0,0,0,0.31666666666666665
4,0,1,0.0,3,0.0,6,5.0,0,0,0.0033333333333333335
3,0,0,3.0,1,0.5,3,8.0,0,0,0.0016666666666666668
4,2,6,0.0,3,0.5,7,12.0,0,1,0.5466666666666667
5,1,5,5.5,2,0.0,10,3.0,0,0,0.315
4,2,0,3.5,2,1.0,4,29.0,0,0,0.135
5,3,7,6.0,1,0.0,3,33.0,0,0,0.18666666666666668
4,3,0,3.5,3,0.5,0,17.0,1,0,0.43166666666666664
1,0,0,0.0,2,0.0,0,13.0,0,0,0.0
5,1,1,3.0,0,1.0,3,25.0,0,0,0.016666666666666666
4,0,0,0.0,2,0.0,0,36.0,0,0,0.0
4,4,0,8.0,0,1.0,7,3.0,0,0,0.12166666666666666
5,3,5,2.5,1,1.0,5,27.0,1,0,0.10166666666666668
5,5,2,3.0,1,0.5,4,1.0,0,0,0.17333333333333334
4,1,5,8.0,1,0.0,7,15.0,1,0,0.17333333333333334
5,5,7,7.0,3,0.5,2,4.0,0,0,0.17666666666666667
5,2,1,2.0,2,0.0,2,3.0,1,0,0.4383333333333333
4,2,2,0.5,0,0.0,2,30.0,0,0,0.07
5,5,6,4.5,1,0.0,3,11.0,0,0,0.19166666666666665
4,2,0,0.5,2,0.5,4,17.0,0,0,0.0016666666666666668
5,5,0,4.0,3,1.0,7,1.0,1,0,0.37833333333333335
5,0,1,3.5,0,0.0,3,14.0,0,0,0.01
5,1,2,3.5,1,0.0,2,40.0,0,0,0.49499999999999994
3,0,0,0.5,1,0.0,2,38.0,0,0,0.0
4,3,1,4.5,2,0.5,5,10.0,0,0,0.375
5,1,0,5.0,1,0.5,6,5.0,0,0,0.4819166666666666
4,1,12,5.0,2,0.0,13,1.0,1,0,0.39833333333333326
5,2,2,1.5,1,0.0,0,6.0,1,0,0.18333333333333332
5,1,3,6.5,1,0.0,3,5.0,0,0,0.05722222222222222
5,2,5,1.5,2,0.0,4,6.0,1,1,0.7283333333333334
3,2,0,5.0,3,0.0,3,9.0,0,0,0.08333333333333333
5,5,0,0.0,2,0.0,2,45.0,1,0,0.4683333333333333
5,5,0,1.5,0,0.0,5,11.0,0,0,0.12642857142857142
5,3,8,4.0,2,0.5,4,14.0,0,0,0.39833333333333326
5,5,0,0.0,1,1.0,2,10.0,0,0,0.15833333333333333
5,5,2,5.5,2,1.0,2,10.0,0,0,0.14833333333333334
5,0,2,5.5,1,1.0,4,25.0,0,0,0.15333333333333335
5,5,5,5.0,3,0.0,3,9.0,0,0,0.22499999999999998
5,5,4,8.5,1,1.0,8,29.0,0,0,0.08166666666666667
5,5,4,4.5,2,1.0,5,11.0,0,0,0.36333333333333334
4,0,0,0.0,1,0.0,0,1.0,0,0,0.0
4,0,3,2.0,4,0.0,5,3.0,0,0,0.03333333333333333
3,0,0,1.0,2,0.0,0,5.0,0,0,0.0
5,3,4,4.5,1,1.0,2,13.0,0,0,0.2916666666666667
5,1,1,2.5,2,1.0,3,15.0,0,0,0.03
4,1,3,1.0,1,0.0,4,11.0,0,0,0.008333333333333333
5,2,3,6.0,4,0.5,6,1.0,0,0,0.34500000000000003
5,5,2,1.0,1,0.0,3,18.0,0,0,0.25166666666666665
5,5,4,8.0,1,1.0,5,7.0,0,0,0.055
4,2,0,3.5,2,0.0,3,22.0,0,0,0.09666666666666668
5,5,5,4.0,2,0.0,2,2.0,1,0,0.4083333333333334
5,1,4,5.5,1,1.0,1,4.0,0,0,0.17499999999999996
5,0,0,0.0,0,0.0,0,7.0,0,0,0.0
5,5,3,5.0,2,0.0,4,7.0,0,0,0.3433333333333333
5,5,2,6.5,3,0.5,10,6.0,0,0,0.2933333333333334
2,2,0,1.0,2,0.0,2,17.0,0,0,0.0016666666666666668
1,0,3,0.0,1,0.0,0,2.0,0,0,0.0
5,5,1,5.5,1,0.0,1,1.0,0,0,0.21666666666666667
3,0,0,0.0,2,0.0,8,1.0,0,0,0.0
5,4,0,5.0,2,0.5,1,10.0,0,1,0.7722222222222223
5,5,4,7.5,2,0.0,6,14.0,0,0,0.26333333333333336
4,2,8,1.5,4,0.0,4,2.0,1,1,0.6066666666666666
4,3,0,3.5,3,0.0,7,4.0,1,0,0.32499999999999996
5,2,2,1.5,2,0.0,3,6.0,1,0,0.19833333333333333
5,4,4,4.0,0,0.0,3,21.0,0,0,0.17166666666666666
5,4,0,6.5,2,0.0,0,5.0,1,0,0.08166666666666667
5,0,2,4.5,1,0.0,0,3.0,1,0,0.2733333333333334
5,2,1,3.0,1,0.0,3,6.0,0,0,0.1306170634920635
2,5,0,4.0,1,0.0,0,15.0,0,0,0.05000000000000001
5,2,5,5.0,3,1.0,4,2.0,0,1,0.615
4,4,4,0.0,1,0.0,1,3.0,0,0,0.43
5,0,2,7.0,3,1.0,3,14.0,1,0,0.265
4,0,0,1.0,1,0.0,0,30.0,0,0,0.0
5,0,3,3.5,1,0.0,2,20.0,0,1,0.5966666666666667
4,1,1,1.5,3,0.0,2,6.0,0,0,0.0
5,3,0,6.5,1,0.0,2,4.0,0,0,0.15833333333333333
5,5,1,3.5,2,0.0,6,2.0,1,0,0.29587301587301584
3,0,0,0.0,1,0.0,1,5.0,0,0,0.0
4,4,0,3.0,1,1.0,3,10.0,1,0,0.17166666666666666
1,0,0,0.0,2,0.0,0,10.0,0,0,0.0
5,2,0,2.0,1,0.0,4,19.0,0,0,0.06666666666666667
0,5,1,0.0,0,0.0,1,5.0,0,0,0.12333333333333334
3,0,1,2.5,2,0.5,3,4.0,0,0,0.008333333333333333
5,1,4,5.0,1,0.0,3,4.0,0,0,0.18500000000000003
4,1,0,0.0,1,0.0,1,41.0,0,0,0.0016666666666666668
5,3,2,4.0,1,0.0,4,28.0,1,0,0.3316666666666667
5,0,7,0.0,1,0.0,14,6.0,0,0,0.24
5,0,0,4.0,2,0.0,3,14.0,0,0,0.0033333333333333335
4,4,2,2.0,2,0.0,3,19.0,0,0,0.19166666666666668
3,0,0,2.5,1,0.0,1,55.0,0,0,0.0033333333333333335
5,0,3,3.0,1,0.0,6,23.0,0,0,0.14416666666666667
4,0,0,0.5,3,0.0,4,11.0,0,0,0.005
3,0,3,0.0,1,0.5,5,2.0,0,0,0.015
5,5,7,2.5,0,0.0,0,30.0,0,0,0.19000000000000003
5,4,1,4.5,2,0.0,2,10.0,1,1,0.5991666666666666
4,1,1,0.5,1,0.0,2,25.0,0,0,0.006666666666666667
1,0,1,0.0,3,0.0,0,4.0,0,0,0.0
1,0,0,0.5,2,0.0,6,4.0,0,0,0.0
5,1,0,3.0,1,0.0,3,15.0,0,0,0.005
5,5,5,6.0,2,0.5,2,11.0,0,1,0.7016666666666665
5,4,3,1.5,2,0.0,2,2.0,1,0,0.39666666666666667
3,1,0,0.0,3,0.0,0,10.0,0,0,0.0
4,3,2,4.0,1,0.0,5,40.0,0,0,0.2916666666666667
3,0,0,0.0,1,0.0,2,35.0,0,0,0.0
1,1,0,2.0,1,0.0,4,16.0,0,0,0.0
4,0,0,0.0,2,0.0,1,13.0,0,0,0.0
5,1,2,2.5,2,0.5,2,14.0,0,0,0.09999999999999999
5,5,2,3.5,2,0.0,4,3.0,0,0,0.17833333333333334
3,0,1,0.0,1,0.0,3,12.0,0,0,0.0
4,0,3,3.5,2,0.5,0,6.0,0,0,0.1466666666666667
5,5,5,2.0,1,1.0,3,8.0,1,0,0.04833333333333334
5,5,2,6.5,2,0.0,1,45.0,0,0,0.105
5,5,2,4.5,2,0.5,4,14.0,0,0,0.27472222222222226
4,4,1,3.5,2,0.5,3,25.0,1,0,0.4383333333333333
5,1,2,1.5,4,1.0,4,9.0,0,0,0.12333333333333334
4,4,0,0.0,1,0.0,1,19.0,0,0,0.0325
4,0,0,0.0,3,0.0,7,1.0,0,0,0.0
4,0,2,3.5,2,0.0,3,13.0,0,0,0.015000000000000001
4,2,0,1.0,1,0.0,0,15.0,0,0,0.01
5,0,3,1.5,0,0.0,5,3.0,0,0,0.02694444444444444
5,5,0,6.0,3,0.0,0,10.0,0,0,0.15166666666666667
4,1,3,3.5,1,0.5,3,22.0,1,0,0.2816666666666667
5,0,5,5.5,1,0.0,2,8.0,0,0,0.4116666666666667
5,2,5,2.5,2,0.0,0,16.0,1,0,0.4766666666666666
2,3,0,5.0,1,0.5,0,5.0,0,0,0.15333333333333335
5,0,3,5.5,2,0.5,4,2.0,1,0,0.22666666666666666
5,4,0,5.5,2,0.0,1,18.0,1,0,0.29
4,0,1,1.5,2,0.0,4,26.0,0,0,0.0033333333333333335
3,3,0,0.0,1,1.0,0,6.0,0,0,0.0
3,0,0,1.0,1,0.0,3,10.0,0,0,0.005
5,2,5,0.0,1,1.0,0,6.0,0,0,0.15333333333333335
4,0,3,0.0,1,0.0,4,4.0,0,0,0.0016666666666666668
5,0,2,4.0,1,0.0,2,10.0,0,0,0.09166666666666667
3,0,0,0.0,3,0.0,4,10.0,0,0,0.0
3,3,0,3.0,2,0.0,5,9.0,0,0,0.03833333333333334
4,3,10,0.5,2,0.5,5,20.0,0,1,0.5066666666666667
1,3,2,1.0,2,0.0,2,30.0,0,0,0.025000000000000005
5,4,2,1.5,2,0.5,5,15.0,0,0,0.38833333333333336
5,5,6,5.5,1,0.0,3,15.0,0,0,0.34
4,0,2,3.0,2,0.0,1,2.0,0,0,0.006666666666666667
4,2,1,0.0,2,0.5,2,25.0,0,0,0.028333333333333335
3,0,0,0.0,0,0.0,0,1.0,0,0,0.0
3,3,4,1.5,2,0.0,3,15.0,1,1,0.7666666666666666
5,0,0,2.0,1,0.0,1,30.0,0,0,0.0
5,1,4,3.0,2,1.0,1,14.0,0,0,0.42333333333333334
4,1,9,4.0,1,0.0,6,3.0,0,0,0.3466666666666667
1,0,0,0.0,1,0.0,1,20.0,0,0,0.0
5,1,7,5.5,2,0.0,4,30.0,0,0,0.23666666666666666
5,4,5,3.0,2,0.5,6,3.0,1,0,0.3016666666666667
1,0,0,0.0,0,0.0,3,20.0,0,0,0.0
4,2,1,0.0,4,1.0,6,35.0,0,0,0.075
3,3,10,3.0,0,0.0,10,7.0,0,1,0.6533333333333333
2,1,0,0.0,0,0.0,2,30.0,0,0,0.0
2,2,0,0.0,0,1.0,3,19.0,0,0,0.0
5,1,2,4.5,2,0.0,2,6.0,0,0,0.24333333333333332
3,0,2,3.0,3,0.0,1,1.0,0,0,0.005
5,2,1,5.5,2,0.0,5,3.0,0,0,0.18000000000000002
5,0,1,2.5,3,0.0,2,13.0,0,0,0.005
3,0,0,1.0,1,0.0,0,2.0,0,0,0.0
2,0,1,0.5,1,0.0,3,21.0,0,0,0.0
2,0,0,0.0,0,0.0,0,26.0,0,0,0.0
5,0,2,0.0,1,0.0,2,6.0,0,0,0.0033333333333333335
5,0,2,4.5,1,0.5,1,10.0,1,0,0.28
5,0,1,2.5,1,0.0,3,20.0,0,0,0.0
4,0,1,2.0,1,0.0,4,19.0,0,0,0.0016666666666666668
3,0,2,0.5,1,0.0,0,22.0,0,0,0.0
5,2,2,1.5,1,0.5,1,17.0,0,0,0.3383333333333334
5,5,4,10.0,1,1.0,4,1.0,0,0,0.02666666666666667
1,0,0,0.5,4,0.0,6,2.0,0,0,0.0
4,1,3,3.0,1,0.0,0,15.0,0,0,0.023333333333333334
5,1,4,3.5,2,0.5,3,17.0,0,0,0.41333333333333333
5,0,0,0.0,1,0.0,4,10.0,0,0,0.0
4,0,1,1.5,1,1.0,2,22.0,0,0,0.008333333333333333
2,0,0,0.0,0,1.0,1,40.0,0,0,0.0016666666666666668
4,4,4,5.5,2,0.5,5,8.0,1,0,0.3666666666666667
5,5,4,6.0,2,1.0,9,23.0,0,0,0.285
5,0,0,2.0,2,1.0,3,40.0,0,0,0.008333333333333333
4,3,1,3.0,2,0.5,2,3.0,1,1,0.5
5,0,5,5.0,3,0.5,4,19.0,1,0,0.3383333333333333
5,1,0,0.0,1,0.5,2,8.0,0,0,0.0033333333333333335
3,0,0,2.0,2,0.0,1,12.0,0,0,0.0
5,1,2,2.5,3,0.0,2,11.0,1,0,0.14833333333333334
4,3,2,3.0,1,0.0,2,13.0,0,0,0.435
5,0,1,1.0,2,0.0,4,50.0,0,0,0.023333333333333334
4,0,4,1.0,3,0.0,6,1.0,0,0,0.03166666666666667
3,1,2,5.5,0,0.5,1,24.0,0,0,0.08166666666666667
3,0,3,3.5,2,0.5,5,14.0,0,0,0.024999999999999998
4,5,0,3.0,1,0.5,4,9.0,0,0,0.3772222222222222
3,0,0,1.0,1,0.0,3,24.0,0,0,0.0
5,2,0,7.0,2,0.0,3,3.0,0,1,0.7066666666666667
5,1,1,0.0,0,0.5,1,8.0,0,0,0.0016666666666666668
3,3,1,0.0,1,0.5,0,30.0,0,0,0.018333333333333337
3,2,4,0.5,2,0.5,1,26.0,0,0,0.19499999999999998
4,1,3,0.5,1,0.0,1,23.0,0,0,0.024999999999999998
1,0,0,0.0,0,0.5,1,20.0,0,0,0.0
1,0,2,0.0,2,0.5,0,25.0,0,0,0.0016666666666666668
4,1,2,1.5,3,1.0,4,20.0,0,0,0.06166666666666667
5,1,6,3.5,1,0.0,4,35.0,0,0,0.2733333333333334
5,5,0,3.5,1,0.0,2,11.0,0,0,0.20166666666666666
5,5,0,2.5,1,0.0,5,17.0,0,0,0.2522222222222222
3,0,0,0.5,2,0.0,3,1.0,0,0,0.0
1,0,0,0.0,1,0.0,1,17.0,0,0,0.0
5,0,0,0.0,1,1.0,2,3.0,0,0,0.0033333333333333335
5,1,0,5.0,1,1.0,2,8.0,0,0,0.2333333333333333
3,1,0,0.0,1,0.0,0,5.0,0,0,0.0
3,4,0,5.5,0,0.5,0,25.0,0,0,0.065
5,1,0,5.0,2,0.0,4,2.0,0,0,0.237563492063492
1,0,0,0.0,1,0.0,0,2.0,0,0,0.0
5,0,0,1.5,3,0.0,2,20.0,0,0,0.0016666666666666668
3,0,0,2.0,1,0.0,0,19.0,0,0,0.0
5,4,8,7.0,2,0.0,13,19.0,0,0,0.3916666666666666
5,4,0,6.0,1,1.0,3,18.0,0,0,0.07500000000000001
2,0,0,0.5,0,0.5,3,20.0,0,0,0.0
5,0,0,2.5,2,0.0,5,33.0,0,0,0.006666666666666667
4,2,6,4.0,3,0.0,7,6.0,1,1,0.7599999999999999
5,1,3,3.0,2,0.5,0,7.0,0,0,0.38999999999999996
4,0,0,3.0,1,0.0,1,23.0,0,0,0.0033333333333333335
4,0,0,2.0,0,0.5,1,15.0,0,0,0.0
4,3,2,2.0,2,0.0,0,6.0,1,0,0.25333333333333335
5,0,7,0.0,0,0.0,7,2.0,0,0,0.3316666666666667
3,3,0,1.5,1,0.0,6,22.0,0,0,0.0016666666666666668
5,1,5,2.5,1,0.5,3,6.0,0,0,0.33499999999999996
4,2,6,5.5,3,1.0,3,2.0,0,0,0.4166666666666667
5,2,0,4.5,2,0.5,0,18.0,0,1,0.5170833333333333
4,1,5,0.5,2,0.5,5,3.0,0,0,0.22999999999999998
5,0,0,3.5,2,0.5,2,10.0,0,0,0.01
5,2,0,0.0,2,0.0,1,25.0,0,0,0.04
4,0,0,2.0,2,0.0,1,17.0,0,0,0.0
5,5,0,3.0,1,0.0,0,1.0,0,0,0.27358333333333335
5,5,0,0.0,2,0.0,0,45.0,0,1,0.6923888888888889
5,4,6,3.0,1,0.0,6,11.0,1,0,0.17333333333333334
4,3,1,1.0,3,0.0,0,12.0,0,0,0.35833333333333334
5,2,4,9.0,1,0.0,6,25.0,0,0,0.11833333333333333
5,5,0,6.0,1,0.0,1,42.0,0,0,0.065
5,5,7,8.0,2,0.5,5,25.0,0,0,0.115
5,0,1,6.0,2,0.0,1,23.0,0,0,0.18166666666666664
1,0,0,0.0,1,0.0,0,1.0,0,0,0.0
3,0,4,4.0,2,0.5,2,25.0,0,0,0.125
1,0,0,0.0,0,0.0,0,9.0,0,0,0.0
4,4,1,3.0,3,0.0,5,2.0,1,1,0.5650000000000001
4,2,2,4.5,2,0.0,3,16.0,1,1,0.5399999999999999
5,1,6,5.0,2,0.5,7,1.0,0,0,0.16833333333333333
5,0,0,4.0,3,0.0,2,6.0,0,0,0.0
5,1,5,3.0,1,0.0,4,20.0,1,0,0.17
5,0,1,2.0,3,0.0,0,7.0,0,0,0.006666666666666667
3,0,2,0.0,2,0.0,1,12.0,0,0,0.0
5,0,2,5.0,1,0.0,1,2.0,0,0,0.25
4,4,0,0.0,2,1.0,0,4.0,0,0,0.18333333333333335
3,0,4,0.0,0,0.5,0,15.0,0,0,0.0033333333333333335
5,5,5,4.5,2,0.5,3,15.0,0,0,0.26499999999999996
5,1,6,7.5,3,0.0,5,5.0,0,0,0.31833333333333336
4,1,2,0.0,1,0.0,2,18.0,0,0,0.0016666666666666668
3,0,1,3.0,1,0.0,2,5.0,0,0,0.0016666666666666668
5,0,3,5.0,1,1.0,0,7.0,0,0,0.135
5,2,0,0.0,1,1.0,0,22.0,0,0,0.042222222222222223
3,1,1,3.0,1,0.0,2,25.0,0,0,0.0
5,3,0,6.5,2,0.0,0,1.0,0,0,0.29319444444444437
4,0,0,1.0,2,0.0,1,8.0,0,0,0.0
3,0,0,0.5,3,0.5,2,36.0,0,0,0.0
5,0,1,0.0,0,0.0,5,3.0,0,0,0.0
1,0,1,0.0,1,0.0,2,10.0,0,0,0.0
4,4,7,3.0,3,1.0,9,15.0,1,1,0.6533333333333334
4,0,3,0.0,2,0.0,2,13.0,0,0,0.0033333333333333335
5,5,2,6.0,3,0.0,5,8.0,0,0,0.14833333333333334
4,2,1,1.5,0,0.5,1,25.0,0,0,0.155
5,0,0,2.0,2,0.0,2,3.0,0,0,0.0
5,5,6,4.0,3,0.0,3,5.0,0,0,0.47
5,1,4,2.5,2,0.0,5,22.0,1,0,0.49000000000000005
5,1,0,2.5,1,0.0,0,40.0,0,0,0.015
4,4,2,5.0,1,0.0,6,34.0,0,0,0.2816666666666667
5,1,5,2.0,4,0.0,6,21.0,1,1,0.58
3,0,0,0.0,0,0.0,0,4.0,0,0,0.0
4,1,6,4.5,1,0.0,3,35.0,0,0,0.26333333333333336
5,2,13,5.0,2,0.5,3,10.0,0,0,0.2933333333333334
5,0,1,0.0,1,0.0,2,25.0,0,0,0.008333333333333333
5,1,0,5.5,1,0.0,4,10.0,0,0,0.15436111111111112
5,0,7,2.0,3,0.5,4,8.0,1,1,0.525
4,0,1,1.0,4,0.0,6,5.0,0,0,0.005
4,2,2,0.0,2,0.0,5,12.0,0,0,0.034999999999999996
5,5,5,2.5,2,0.0,6,37.0,1,0,0.23166666666666666
5,0,0,0.0,2,1.0,2,8.0,0,0,0.0016666666666666668
5,5,8,10.0,3,1.0,3,5.0,0,0,0.09833333333333334
5,3,5,4.5,3,0.0,4,13.0,1,0,0.3983333333333334
5,5,0,4.5,2,0.0,2,2.0,0,0,0.13583333333333333
5,3,0,3.5,1,0.0,6,11.0,0,0,0.10666666666666667
5,1,1,3.0,1,0.0,6,30.0,0,0,0.05666666666666667
5,0,4,0.5,1,0.5,4,3.0,0,0,0.013333333333333334
5,4,2,5.0,1,0.0,2,30.0,0,0,0.10000000000000002
5,2,1,10.0,3,0.0,3,3.0,1,0,0.09499999999999999
4,0,0,3.0,1,0.0,3,9.0,0,0,0.0
1,3,0,0.0,3,0.0,3,3.0,0,0,0.0033333333333333335
4,0,1,2.0,2,0.0,1,20.0,0,0,0.005
5,0,0,2.5,2,0.0,2,3.0,0,0,0.0016666666666666668
3,0,0,0.0,3,1.0,2,25.0,0,0,0.0
2,1,0,0.0,2,0.0,2,1.0,0,0,0.0
4,1,2,1.0,2,0.5,5,13.0,0,0,0.006666666666666667
5,2,1,10.0,3,0.0,8,8.0,0,0,0.22333333333333336
4,1,0,2.5,2,0.5,4,8.0,0,0,0.0033333333333333335
4,4,6,4.0,1,0.5,3,6.0,0,0,0.19666666666666668
4,3,2,3.0,2,0.0,2,7.0,1,0,0.47833333333333333
4,2,1,4.5,1,0.0,5,1.0,0,0,0.22166666666666668
5,0,2,4.0,0,1.0,1,20.0,0,0,0.04666666666666667
5,1,3,1.5,2,1.0,4,12.0,1,0,0.3133333333333333
4,1,7,3.5,2,0.0,5,1.0,1,0,0.31
5,1,0,5.5,2,0.0,7,4.0,0,0,0.16833333333333333
3,1,1,0.0,1,0.0,0,10.0,0,0,0.0
5,5,10,10.0,1,1.0,3,3.0,0,0,0.016666666666666666
5,2,0,5.0,1,0.0,4,4.0,0,0,0.10708333333333332
5,5,4,6.0,2,1.0,10,6.0,0,0,0.19166666666666665
5,0,2,0.0,1,1.0,1,1.0,0,0,0.02
4,4,1,1.0,2,0.5,4,3.0,0,1,0.5977777777777779
4,4,3,3.0,1,0.0,4,3.0,1,1,0.57
5,5,3,7.5,2,0.0,4,12.0,0,0,0.155
5,5,0,4.0,1,1.0,0,19.0,0,0,0.07958730158730158
4,2,1,0.0,2,0.0,6,16.0,0,0,0.03833333333333334
5,1,0,1.0,1,0.0,3,3.0,0,0,0.0016666666666666668
5,2,3,6.5,0,0.5,3,7.0,0,0,0.026666666666666672
5,5,7,6.5,4,0.0,2,8.0,0,0,0.2783333333333333
5,0,4,2.0,2,0.0,3,16.0,0,0,0.19000000000000003
5,1,0,1.5,1,1.0,3,10.0,0,0,0.013333333333333334
4,4,0,0.0,1,0.0,2,15.0,0,0,0.18333333333333335
3,5,0,5.0,2,0.5,0,1.0,0,0,0.36083333333333334
4,2,6,3.5,2,0.0,5,5.0,0,1,0.6516666666666667
1,0,0,0.0,0,0.5,3,33.0,0,0,0.0
4,2,0,1.5,2,1.0,3,12.0,0,0,0.02
5,0,0,0.0,2,0.0,3,13.0,0,0,0.005
5,4,1,7.5,3,1.0,6,4.0,0,0,0.18000000000000002
5,5,2,3.0,3,0.0,9,16.0,1,0,0.4033333333333333
5,5,5,5.0,3,0.0,8,3.0,1,0,0.3666666666666667
5,4,2,4.0,1,0.0,3,12.0,1,0,0.21
5,5,1,2.5,1,0.0,3,15.0,1,0,0.15833333333333333
5,5,0,4.0,2,0.0,4,16.0,0,0,0.17961111111111114
4,0,3,0.0,2,0.0,6,13.0,0,0,0.013333333333333334
4,4,1,1.5,3,1.0,1,5.0,1,1,0.56
5,0,0,1.5,1,0.5,3,22.0,0,0,0.0
3,2,0,0.0,3,0.0,4,20.0,0,0,0.0
5,5,1,9.0,0,0.0,1,30.0,0,0,0.03
2,1,0,0.0,3,0.0,6,40.0,0,0,0.0
5,1,5,9.5,1,0.0,5,22.0,0,0,0.06733333333333334
5,5,10,8.0,2,0.0,10,10.0,0,0,0.03833333333333333
3,0,0,1.5,1,0.0,0,39.0,0,0,0.0
5,5,3,5.5,1,0.5,3,5.0,0,0,0.14333333333333334
3,1,2,3.0,2,0.0,3,13.0,0,0,0.021666666666666667
5,5,3,9.0,2,0.0,6,5.0,0,0,0.07166666666666667
4,1,2,1.5,1,0.5,5,10.0,0,0,0.01
3,0,2,0.5,2,0.0,2,2.0,0,0,0.0
5,0,0,0.0,0,0.5,3,5.0,0,0,0.0
5,2,1,4.5,1,0.0,4,20.0,1,0,0.1416666666666667
3,2,0,3.5,1,0.5,0,7.0,0,0,0.03333333333333333
3,0,2,1.5,2,0.0,7,8.0,0,0,0.015
4,0,2,1.0,2,0.5,7,8.0,0,0,0.006666666666666667
5,1,11,5.0,1,0.0,6,25.0,0,0,0.2996666666666667
5,2,2,2.0,3,1.0,2,11.0,1,0,0.445
1,3,3,2.5,2,0.0,6,15.0,0,0,0.265
4,4,0,2.0,1,0.0,3,20.0,0,1,0.8381388888888889
5,0,3,0.0,1,1.0,3,3.0,0,0,0.018333333333333333
5,2,4,2.5,3,0.0,3,3.0,0,1,0.5916666666666667
5,0,0,2.5,2,0.5,4,1.0,0,0,0.0033333333333333335
5,2,3,5.5,2,0.0,2,3.0,1,0,0.2705555555555556
5,5,8,2.5,1,0.0,0,2.0,0,0,0.29833333333333334
4,1,4,3.5,1,0.0,3,7.0,0,0,0.22833333333333336
5,4,5,4.5,2,0.5,4,23.0,1,0,0.4066666666666667
5,5,1,1.0,0,1.0,1,11.0,1,0,0.07500000000000001
5,1,0,4.0,1,1.0,0,14.0,0,0,0.006666666666666667
3,0,0,0.0,3,0.5,1,12.0,0,0,0.0
5,2,0,6.5,1,0.0,1,1.0,0,0,0.38447222222222227
5,5,3,9.5,1,1.0,1,15.0,0,0,0.016666666666666666
5,1,0,2.0,3,0.0,0,15.0,0,0,0.02666666666666667
5,3,1,5.0,1,0.0,2,2.0,0,0,0.22666666666666666
4,0,0,0.5,2,1.0,0,1.0,0,0,0.0033333333333333335
5,5,1,6.5,1,0.0,2,12.0,0,0,0.10166666666666667
2,0,0,0.0,1,0.0,0,6.0,0,0,0.0
4,0,4,0.5,2,0.0,2,4.0,0,0,0.0016666666666666668
5,1,2,7.5,1,0.0,6,16.0,0,0,0.08333333333333333
5,4,2,9.0,1,0.0,2,25.0,0,0,0.034999999999999996
5,1,7,3.0,2,1.0,3,32.0,0,0,0.4366666666666667
3,0,0,1.5,1,0.0,1,43.0,0,0,0.0
5,1,5,9.0,1,0.0,2,7.0,0,0,0.05833333333333333
3,3,1,0.0,1,0.0,6,24.0,0,0,0.0033333333333333335
5,4,0,5.5,0,1.0,3,5.0,1,0,0.08666666666666667
5,5,4,1.0,2,0.0,4,7.0,1,0,0.24333333333333332
1,0,3,0.0,2,0.0,5,20.0,0,0,0.0
5,5,6,9.5,2,0.0,4,22.0,0,0,0.17166666666666663
5,4,5,8.0,1,0.5,6,20.0,0,0,0.041666666666666664
1,0,0,0.0,1,0.5,4,20.0,0,0,0.0
5,0,1,5.5,1,0.0,4,26.0,0,0,0.035
4,0,2,0.0,2,0.0,0,4.0,0,0,0.011666666666666665
1,0,0,0.0,1,0.0,3,17.0,0,0,0.0
2,1,0,0.5,1,0.0,2,19.0,0,0,0.0
5,2,0,3.5,2,0.5,7,19.0,1,0,0.3516666666666666
4,4,0,3.0,1,1.0,0,10.0,0,0,0.21
5,1,4,5.5,1,0.0,3,31.0,0,0,0.13833333333333334
4,1,1,1.5,1,1.0,0,5.0,0,0,0.011666666666666667
5,2,3,4.5,2,0.0,2,19.0,1,0,0.17916666666666667
5,0,0,1.0,2,0.0,2,9.0,0,0,0.0
4,4,0,4.0,1,0.5,1,5.0,1,0,0.295
3,0,0,2.0,1,0.0,3,12.0,0,0,0.0
5,0,0,0.5,0,0.0,0,3.0,0,0,0.0
4,0,2,1.5,2,0.0,3,18.0,0,0,0.0016666666666666668
1,0,0,0.0,4,0.0,1,19.0,0,0,0.0
5,1,4,4.0,2,0.5,4,10.0,1,0,0.2733333333333333
5,0,3,2.5,1,0.0,4,17.0,0,0,0.1366666666666667
4,4,6,3.0,1,1.0,7,4.0,1,0,0.37666666666666665
5,5,1,7.5,1,1.0,1,1.0,0,0,0.13999999999999999
5,0,0,6.5,1,1.0,0,8.0,0,0,0.041666666666666664
5,0,0,0.0,0,0.5,0,11.0,0,0,0.0016666666666666668
5,0,0,2.5,2,1.0,2,8.0,0,0,0.006666666666666667
5,1,3,1.5,2,0.0,3,4.0,0,0,0.1603611111111111
5,4,0,4.0,2,0.5,10,2.0,1,0,0.4266666666666667
4,0,2,1.0,2,0.0,3,25.0,0,0,0.0016666666666666668
3,0,1,0.0,2,0.5,0,10.0,0,0,0.0
4,4,0,4.5,2,0.5,3,6.0,1,0,0.39333333333333337
5,3,3,5.0,2,0.0,6,5.0,0,0,0.35725793650793647
4,1,0,2.0,1,1.0,5,20.0,0,0,0.015
5,1,2,10.0,1,0.0,5,5.0,0,0,0.03833333333333334
5,4,4,0.0,1,0.5,1,20.0,1,0,0.19999999999999998
4,0,1,1.5,0,0.0,0,10.0,0,0,0.0016666666666666668
4,0,9,2.5,1,0.0,2,15.0,0,0,0.38999999999999996
3,3,4,0.5,1,0.0,3,27.0,1,0,0.27166666666666667
5,4,7,5.5,2,0.0,5,7.0,1,0,0.355
2,0,0,0.0,1,0.5,3,26.0,0,0,0.0
4,2,0,1.5,3,0.0,3,4.0,0,0,0.025000000000000005
4,1,0,3.0,2,0.0,0,38.0,0,0,0.028333333333333332
5,3,5,9.5,2,0.5,5,5.0,0,0,0.08666666666666667
5,5,0,4.0,3,1.0,4,3.0,1,0,0.2733333333333333
4,2,3,5.5,2,0.0,2,8.0,0,0,0.3423809523809524
5,2,0,0.0,1,0.0,1,9.0,0,0,0.0016666666666666668
5,1,3,10.0,3,1.0,1,5.0,0,0,0.13333333333333333
4,4,0,0.0,3,0.0,3,11.0,0,0,0.12
5,5,7,1.0,2,0.0,4,28.0,1,1,0.51
5,2,7,2.5,3,0.0,6,24.0,0,1,0.5
3,0,2,1.5,2,0.0,1,9.0,0,0,0.0
5,1,1,3.5,1,0.5,3,21.0,0,0,0.22333333333333336
5,4,2,1.5,3,0.0,2,10.0,0,0,0.41
4,2,6,0.0,2,0.0,9,23.0,1,1,0.5283333333333333
5,1,1,0.5,1,1.0,3,20.0,0,0,0.008333333333333333
1,0,0,0.0,2,0.0,0,45.0,0,0,0.0
5,3,2,1.5,2,0.0,3,24.0,1,0,0.47500000000000003
5,5,4,5.0,2,0.5,3,30.0,0,0,0.21333333333333335
5,5,3,4.5,2,1.0,3,10.0,0,0,0.33166666666666667
1,0,0,0.0,0,0.0,0,51.0,0,0,0.0
3,3,0,0.0,1,0.0,6,7.0,0,0,0.0016666666666666668
3,0,0,0.0,1,0.0,0,4.0,0,0,0.0
3,1,0,0.0,0,0.5,0,25.0,0,0,0.0
5,5,8,2.0,2,0.0,5,38.0,0,0,0.3016666666666667
3,2,0,0.5,2,0.0,1,12.0,0,0,0.0
4,1,0,0.5,0,0.0,3,3.0,0,0,0.0016666666666666668
5,1,0,3.5,1,0.0,4,29.0,0,0,0.03833333333333334
4,0,0,0.5,2,0.0,4,3.0,0,0,0.0
5,1,2,2.5,3,0.5,3,2.0,0,1,0.6266666666666666
5,5,5,3.5,1,0.0,5,10.0,0,0,0.245
4,4,0,1.5,2,0.5,2,2.0,1,0,0.3466666666666667
3,0,0,0.5,1,0.0,4,9.0,0,0,0.0
4,5,1,0.0,1,0.0,6,14.0,0,0,0.38999999999999996
5,0,1,0.0,2,0.0,0,3.0,0,0,0.0
5,1,2,0.0,1,0.0,2,7.0,0,0,0.036666666666666674
5,3,1,2.5,2,0.0,4,20.0,0,0,0.445
5,5,2,2.0,2,0.0,4,1.0,1,0,0.3666666666666667
5,5,4,6.0,3,0.5,3,4.0,0,0,0.1416666666666667
5,4,1,0.0,2,0.5,4,5.0,0,1,0.5633333333333334
3,1,1,3.0,3,0.0,2,42.0,0,0,0.036666666666666674
4,1,2,3.5,0,0.5,12,7.0,0,0,0.13999999999999999
5,3,5,5.5,2,0.0,7,24.0,1,0,0.445
5,1,2,1.5,2,0.0,3,6.0,0,0,0.03
5,2,0,7.0,1,0.0,2,1.0,0,0,0.27041666666666664
4,4,3,0.5,2,1.0,3,20.0,0,0,0.42333333333333334
5,5,2,0.0,2,0.0,0,12.0,1,0,0.2911111111111111
5,0,3,3.0,1,0.0,0,2.0,0,0,0.05666666666666667
4,0,0,2.5,2,0.0,9,30.0,0,0,0.018333333333333333
5,2,0,0.0,1,1.0,2,6.0,0,0,0.018333333333333333
5,4,5,4.0,1,0.0,4,9.0,0,0,0.26666666666666666
5,2,3,3.5,2,0.5,1,19.0,0,0,0.23666666666666666
1,0,0,2.0,3,0.0,2,5.0,0,0,0.0016666666666666668
5,0,1,0.5,1,1.0,2,4.0,0,0,0.0016666666666666668
5,2,2,5.5,2,0.0,2,20.0,0,0,0.2833333333333334
5,0,7,0.0,0,1.0,4,8.0,0,0,0.24333333333333332
5,0,0,0.0,0,0.0,0,13.0,0,0,0.0
5,5,5,3.0,3,0.5,7,1.0,0,0,0.24
4,0,1,0.0,0,1.0,1,9.0,0,0,0.005
4,0,0,0.0,0,1.0,0,24.0,0,0,0.0
1,0,0,0.0,2,0.0,4,1.0,0,0,0.0
5,5,2,9.5,0,0.5,0,20.0,0,0,0.02
5,2,0,3.0,1,0.0,1,16.0,0,0,0.3625277777777778
5,2,6,1.0,2,0.0,4,20.0,1,0,0.4283333333333333
5,0,0,2.0,0,0.5,0,24.0,0,0,0.008333333333333333
5,2,0,2.5,2,0.5,4,27.0,1,0,0.465
1,1,0,1.0,2,0.0,3,25.0,0,0,0.0
5,1,0,1.5,2,0.0,3,15.0,0,0,0.011666666666666667
4,0,0,1.0,2,0.5,0,14.0,0,0,0.0
5,0,2,6.5,3,0.0,4,25.0,0,0,0.26166666666666666
5,2,2,3.0,2,0.0,3,25.0,1,1,0.625
5,0,0,4.0,3,1.0,3,25.0,0,0,0.06833333333333333
4,5,1,1.5,1,0.5,3,6.0,1,1,0.5066666666666667
4,2,0,1.0,1,0.0,0,15.0,0,0,0.01
5,1,3,2.0,2,1.0,4,8.0,0,0,0.37166666666666665
3,2,0,0.0,2,0.5,0,8.0,0,0,0.0
5,3,1,0.0,2,0.0,3,5.0,1,0,0.4633333333333334
3,0,0,1.0,1,0.0,3,35.0,0,0,0.0
5,0,4,4.0,1,1.0,7,4.0,0,0,0.3516666666666666
5,5,1,1.0,3,0.0,1,17.0,0,1,0.7233333333333333
5,4,0,3.0,1,0.0,3,19.0,0,0,0.15833333333333333
3,0,0,1.5,1,0.0,0,7.0,0,0,0.0
3,0,2,2.5,2,1.0,4,4.0,0,0,0.006666666666666667
5,4,1,4.5,3,1.0,2,9.0,0,0,0.4483333333333333
4,1,4,2.0,1,0.0,9,5.0,0,0,0.22999999999999998
5,2,3,10.0,2,0.5,2,4.0,0,0,0.041666666666666664
5,3,0,1.5,2,0.5,2,12.0,0,0,0.3468333333333333
5,5,0,7.0,1,0.5,0,7.0,0,0,0.043333333333333335
5,5,0,0.0,0,0.0,1,32.0,0,0,0.023333333333333334
2,0,0,0.0,1,0.0,0,2.0,0,0,0.0
5,0,5,8.5,3,0.5,3,12.0,0,0,0.22499999999999998
5,5,0,4.0,3,1.0,2,25.0,0,0,0.4366666666666667
4,1,3,4.0,3,0.0,4,11.0,0,0,0.39333333333333337
4,0,0,0.5,2,0.0,3,10.0,0,0,0.0
5,0,1,1.5,3,0.0,5,5.0,0,0,0.0033333333333333335
1,0,0,0.0,0,0.0,4,25.0,0,0,0.0
5,0,3,5.0,2,1.0,2,11.0,1,0,0.31833333333333336
3,2,0,2.0,2,0.0,1,25.0,0,0,0.015
5,5,1,6.5,1,0.0,3,10.0,0,0,0.17333333333333334
4,1,0,1.0,2,0.5,0,18.0,0,0,0.0016666666666666668
0,4,0,4.5,1,0.5,0,6.0,0,0,0.16833333333333333
3,2,0,1.5,0,0.0,4,20.0,0,0,0.0016666666666666668
5,3,0,0.0,4,0.0,5,25.0,0,0,0.3233333333333333
5,4,3,4.0,2,0.0,2,2.0,1,0,0.4283333333333333
5,2,0,0.5,2,0.0,0,30.0,0,0,0.04083333333333333
4,3,0,3.5,2,1.0,4,15.0,1,0,0.25333333333333335
5,1,1,1.5,3,1.0,3,7.0,0,0,0.035
5,3,5,6.0,2,0.0,9,10.0,0,0,0.24500000000000002
5,5,3,2.0,1,0.5,4,8.0,1,0,0.2383333333333333
5,2,7,3.5,3,0.0,4,17.0,1,0,0.39666666666666667
5,5,5,7.5,1,0.5,4,40.0,0,0,0.13333333333333333
5,0,1,2.5,1,0.0,2,13.0,0,0,0.013333333333333334
5,2,0,10.0,1,1.0,1,15.0,0,0,0.045000000000000005
3,0,0,0.0,1,0.0,3,18.0,0,0,0.0
2,2,0,0.0,2,0.0,0,9.0,0,0,0.0
2,1,0,0.0,0,0.0,0,30.0,0,0,0.0
5,0,0,5.5,2,0.0,10,1.0,0,0,0.16833333333333333
4,4,5,3.5,2,0.0,5,15.0,1,1,0.6566666666666666
5,5,0,0.0,1,0.0,0,39.0,0,0,0.2701388888888889
5,0,1,0.0,2,1.0,0,8.0,0,0,0.008333333333333333
5,5,2,6.0,2,0.0,3,20.0,0,0,0.21666666666666667
5,1,2,9.0,0,0.0,2,7.0,0,0,0.06833333333333334
5,0,2,2.5,1,0.0,3,6.0,0,0,0.015000000000000001
2,1,0,0.0,0,0.0,0,26.0,0,0,0.0
5,5,2,3.0,1,0.5,11,20.0,1,0,0.22999999999999998
5,5,4,4.5,2,0.0,9,16.0,0,0,0.2866666666666667
5,1,2,1.0,4,0.0,2,4.0,0,0,0.11333333333333333
3,0,0,2.5,4,0.0,4,5.0,0,0,0.005
5,2,0,3.0,3,0.5,2,10.0,1,1,0.5199999999999999
1,0,0,0.0,1,0.0,4,42.0,0,0,0.0
5,4,4,5.0,1,1.0,7,7.0,0,0,0.24999999999999997
5,2,0,0.0,2,1.0,2,25.0,0,0,0.04
5,3,5,3.5,3,0.0,4,5.0,0,1,0.5458333333333334
5,2,2,3.5,3,1.0,2,1.0,1,1,0.5666666666666667
4,0,0,1.0,2,0.0,4,2.0,0,0,0.0
5,0,3,3.0,2,0.0,2,22.0,0,0,0.15833333333333335
5,1,3,4.0,2,0.5,2,28.0,0,0,0.18000000000000002
3,0,10,0.5,3,0.0,9,9.0,1,0,0.23500000000000001
5,5,0,3.5,2,0.0,5,4.0,0,0,0.11499999999999999
5,5,5,5.5,3,1.0,4,15.0,0,0,0.20833333333333334
3,0,0,0.0,1,0.0,0,8.0,0,0,0.0
5,2,3,5.5,2,1.0,4,1.0,0,0,0.20333333333333334
5,4,0,0.0,3,1.0,0,14.0,0,0,0.36333333333333334
5,5,4,5.5,2,1.0,3,20.0,0,0,0.215
1,0,0,0.0,3,0.0,0,3.0,0,0,0.0
4,2,0,0.0,2,0.0,3,4.0,0,0,0.0
4,1,7,3.0,2,0.5,6,25.0,1,1,0.5383333333333334
3,0,0,0.5,1,0.5,0,33.0,0,0,0.0
5,5,10,7.0,1,0.0,3,15.0,0,0,0.12166666666666666
3,0,0,0.0,2,0.0,7,17.0,0,0,0.0
5,0,5,6.0,2,0.0,4,8.0,0,0,0.4033333333333333
4,3,1,3.5,3,1.0,4,6.0,1,0,0.4683333333333333
4,1,3,0.0,3,0.0,4,13.0,0,0,0.011666666666666667
5,3,0,3.0,2,0.0,4,9.0,1,1,0.6583333333333333
5,4,6,2.5,4,0.5,6,14.0,1,0,0.4000000000000001
5,5,10,4.5,3,0.0,3,12.0,0,0,0.345
5,0,4,2.5,2,0.0,2,6.0,0,1,0.5033333333333334
3,0,2,1.5,3,0.0,3,37.0,0,0,0.02
5,0,2,1.0,1,0.0,5,20.0,0,0,0.006666666666666667
4,1,0,0.0,1,0.0,2,4.0,0,0,0.0
4,0,0,5.0,1,0.0,0,6.0,0,0,0.011666666666666667
2,0,0,3.0,2,0.0,1,10.0,0,0,0.0016666666666666668
4,3,0,3.5,1,0.5,0,4.0,0,0,0.35766666666666663
5,2,0,3.0,2,0.0,1,3.0,0,0,0.38166666666666665
2,0,0,0.0,1,0.0,3,19.0,0,0,0.0
5,2,0,3.0,1,0.0,4,20.0,1,0,0.26472222222222225
5,2,1,2.0,2,0.0,4,6.0,1,0,0.48
5,5,1,10.0,0,0.5,4,18.0,0,0,0.023333333333333334
4,0,0,3.0,2,0.0,3,2.0,0,0,0.006666666666666667
5,5,0,1.0,2,0.0,0,40.0,0,1,0.5463888888888889
3,3,0,0.0,1,0.0,5,28.0,0,0,0.005
5,1,7,2.5,1,0.0,3,10.0,1,1,0.6366666666666667
5,0,0,6.5,2,0.0,1,8.0,1,0,0.056666666666666664
5,2,1,6.5,2,0.0,5,13.0,1,0,0.23833333333333337
5,4,0,10.0,1,1.0,0,23.0,1,0,0.021666666666666667
5,3,5,4.0,2,0.5,3,15.0,1,1,0.5916666666666667
5,4,2,3.5,2,0.0,5,44.0,0,0,0.2833333333333333
3,0,0,0.0,1,0.0,0,25.0,0,0,0.0
5,5,3,6.0,3,0.5,2,15.0,1,0,0.25666666666666665
4,0,0,1.0,2,0.5,3,11.0,0,0,0.0
4,1,3,0.5,1,0.0,7,11.0,0,0,0.03333333333333333
3,3,3,4.0,2,0.0,5,18.0,1,1,0.52
4,0,4,1.5,3,0.5,5,1.0,0,0,0.06833333333333334
5,0,1,1.0,2,0.0,7,2.0,0,0,0.02
5,5,1,0.0,3,0.0,4,4.0,1,1,0.7166666666666667
5,5,3,4.5,2,0.0,7,1.0,0,0,0.34
5,2,1,4.5,2,0.0,3,18.0,0,0,0.25708333333333333
5,2,7,4.0,2,0.0,3,16.0,0,0,0.36166666666666664
5,5,7,4.5,2,0.0,4,4.0,0,0,0.47
5,5,0,5.0,1,0.0,2,7.0,0,0,0.15166666666666664
4,2,0,2.0,3,1.0,2,25.0,0,0,0.04833333333333333
5,5,0,9.0,0,1.0,0,25.0,0,0,0.008333333333333333
5,1,1,4.5,2,0.5,3,18.0,0,0,0.12166666666666666
5,1,5,0.5,1,0.0,6,13.0,0,0,0.18166666666666664
5,0,5,6.5,2,1.0,6,3.0,0,0,0.3216666666666667
5,2,0,2.0,1,1.0,2,15.0,0,0,0.09333333333333334
3,1,0,0.5,1,0.0,3,3.0,0,0,0.0033333333333333335
3,0,2,0.0,3,1.0,3,33.0,0,0,0.005
5,4,3,3.0,1,0.0,5,30.0,0,0,0.20958333333333332
5,5,9,5.0,2,0.0,8,21.0,0,0,0.08166666666666667
5,1,4,2.0,1,0.5,2,1.0,0,0,0.3833333333333333
5,2,4,4.5,1,1.0,1,5.0,1,0,0.2816666666666667
1,0,0,0.0,1,0.0,3,39.0,0,0,0.0
5,1,5,6.5,1,0.0,9,22.0,0,0,0.11833333333333333
4,0,0,3.5,2,0.0,2,9.0,0,0,0.0
4,0,3,2.0,0,0.0,0,2.0,0,0,0.018333333333333337
5,1,3,2.0,1,0.0,4,2.0,0,0,0.2684722222222222
2,0,4,0.0,3,0.5,4,22.0,0,0,0.0
5,2,0,7.0,1,0.0,0,6.0,0,0,0.16333333333333333
5,5,0,6.0,1,0.0,2,5.0,0,0,0.17333333333333334
3,0,0,0.0,1,0.0,6,5.0,0,0,0.0
5,1,0,6.5,1,0.0,4,30.0,0,0,0.07333333333333335
5,3,2,2.0,3,0.5,6,1.0,1,0,0.48166666666666663
5,2,7,9.0,1,0.0,3,13.0,0,0,0.10666666666666667
5,3,5,3.5,2,0.0,9,7.0,1,0,0.4583333333333333
5,3,2,10.0,1,0.0,2,13.0,0,0,0.05000000000000001
5,1,3,5.0,2,0.5,7,8.0,0,0,0.305
5,1,8,6.5,3,1.0,3,13.0,0,0,0.18833333333333332
3,0,1,0.0,0,0.0,2,7.0,0,0,0.0
4,0,0,0.0,1,0.5,0,26.0,0,0,0.0
3,0,2,0.0,2,0.5,1,2.0,0,0,0.0
5,2,3,2.5,2,0.5,3,5.0,0,0,0.4383333333333333
1,0,0,0.0,2,0.0,0,26.0,0,0,0.0
4,0,0,0.5,1,0.0,5,30.0,0,0,0.0
4,0,0,5.5,2,0.0,10,22.0,0,0,0.045000000000000005
5,5,0,2.5,2,1.0,0,7.0,0,0,0.27
5,3,3,2.5,1,0.0,2,41.0,0,0,0.155
5,3,0,2.5,2,0.0,0,11.0,1,0,0.3744444444444445
5,1,0,5.0,2,0.5,1,18.0,0,0,0.20666666666666667
5,5,0,2.0,3,0.0,3,14.0,1,0,0.2233333333333333
5,5,2,3.5,3,0.0,5,7.0,1,0,0.37666666666666665
5,2,0,3.0,2,0.5,4,12.0,0,1,0.5656666666666667
4,3,1,2.0,2,0.5,0,20.0,0,0,0.43250000000000005
5,0,0,1.5,2,0.0,2,23.0,0,0,0.0
5,5,0,1.0,1,0.0,1,18.0,0,0,0.39999999999999997
4,1,3,4.0,3,0.0,6,2.0,1,0,0.33958333333333335
2,1,0,0.0,2,0.0,0,25.0,0,0,0.0
5,0,0,3.0,3,0.5,2,8.0,0,0,0.011666666666666667
5,5,1,10.0,2,0.0,5,25.0,0,0,0.25
5,0,5,3.0,2,1.0,5,15.0,1,0,0.2333333333333333
5,5,5,0.0,1,1.0,1,1.0,0,0,0.26
3,0,0,2.0,3,0.5,0,14.0,0,0,0.0
5,0,0,2.0,0,1.0,3,15.0,0,0,0.0016666666666666668
1,0,0,0.0,1,0.0,5,20.0,0,0,0.0
5,5,0,6.5,2,0.5,4,7.0,1,0,0.07333333333333335
5,3,3,0.0,2,0.0,3,7.0,1,0,0.385952380952381
4,0,2,2.0,3,0.0,7,20.0,0,0,0.021666666666666667
3,0,0,0.5,2,0.5,0,10.0,0,0,0.0
5,5,0,4.5,2,0.0,0,7.0,0,0,0.19333333333333336
4,0,2,3.5,2,0.5,0,2.0,0,0,0.03666666666666667
5,3,2,0.5,2,0.0,2,14.0,0,0,0.375
1,0,0,1.5,2,0.0,1,2.0,0,0,0.0
4,1,0,1.0,1,0.5,3,16.0,0,0,0.0
2,0,1,1.0,1,1.0,0,11.0,0,0,0.0
5,5,2,3.0,1,0.0,9,2.0,0,0,0.42333333333333334
5,5,5,4.5,4,0.0,8,2.0,1,0,0.3433333333333333
5,2,2,3.5,2,0.5,2,8.0,1,0,0.4283333333333333
5,3,0,3.0,2,0.5,2,16.0,0,0,0.4533333333333333
5,0,0,7.5,2,0.0,1,6.0,0,0,0.055
5,1,6,3.5,3,0.5,7,1.0,0,0,0.38833333333333336
5,2,0,3.5,1,0.0,0,20.0,0,0,0.2693888888888889
5,5,0,7.0,1,1.0,0,9.0,0,0,0.023333333333333334
5,5,3,6.5,2,0.0,3,1.0,0,0,0.37166666666666665
5,2,2,8.5,1,1.0,4,1.0,0,0,0.21
5,0,4,3.5,3,0.0,2,5.0,1,0,0.3433333333333333
5,5,2,0.0,1,0.0,1,10.0,1,0,0.27499999999999997
5,5,0,8.0,1,1.0,0,10.0,0,0,0.0
5,5,6,2.5,2,0.5,4,2.0,1,0,0.13
5,0,2,3.0,4,0.5,3,4.0,0,0,0.05333333333333334
5,5,0,0.0,1,0.0,3,20.0,1,0,0.37833333333333335
5,2,0,0.5,1,0.0,2,28.0,0,0,0.015
4,1,2,3.5,2,0.5,4,11.0,0,0,0.14333333333333334
4,3,1,1.5,1,0.0,2,14.0,0,0,0.4183333333333333
5,0,0,0.5,1,0.0,0,20.0,0,0,0.0003333333333333333
3,0,0,1.0,1,0.0,2,4.0,0,0,0.0
5,4,13,6.5,2,0.0,6,30.0,1,0,0.37166666666666665
5,2,3,4.0,2,0.5,1,5.0,0,0,0.35333333333333333
5,0,0,0.0,3,0.5,0,5.0,0,0,0.0016666666666666668
2,1,0,0.0,2,0.5,0,11.0,0,0,0.0
5,5,0,1.5,1,0.0,0,35.0,0,0,0.33249999999999996
5,1,3,7.0,1,0.5,2,12.0,0,0,0.043333333333333335
4,0,0,1.5,1,0.0,2,24.0,0,0,0.0
4,3,1,0.0,1,0.0,2,36.0,0,0,0.09833333333333334
5,1,0,5.0,2,0.0,0,1.0,0,0,0.0715079365079365
5,0,2,0.0,1,0.5,5,9.0,0,0,0.01
5,3,6,4.5,2,1.0,4,8.0,1,0,0.47833333333333333
5,1,2,3.0,2,0.0,1,13.0,0,0,0.205
5,0,0,0.0,0,0.0,0,4.0,0,0,0.0
1,0,0,0.0,3,0.0,0,1.0,0,0,0.0
4,3,2,4.0,2,0.0,4,2.0,1,1,0.59
5,2,3,4.0,4,0.5,2,15.0,0,1,0.595
5,0,0,0.0,0,1.0,0,2.0,0,0,0.0
5,5,3,8.5,1,0.0,2,13.0,0,0,0.024999999999999998
5,5,8,9.5,3,1.0,9,8.0,0,0,0.08666666666666667
5,4,7,5.5,2,0.5,4,13.0,0,0,0.24333333333333332
5,0,0,0.0,3,1.0,1,2.0,0,0,0.006666666666666667
5,0,0,7.5,1,0.0,5,6.0,1,0,0.06
5,0,2,3.0,1,0.0,1,9.0,0,0,0.02666666666666667
5,1,8,3.0,2,0.0,5,3.0,0,1,0.5969444444444444
3,0,2,1.0,0,0.0,2,19.0,0,0,0.0016666666666666668
4,0,3,0.5,1,0.0,1,6.0,0,0,0.0033333333333333335
5,2,3,5.0,2,0.0,4,4.0,0,0,0.3416666666666666
5,5,2,7.5,2,0.0,4,3.0,1,0,0.085
5,5,0,7.5,1,1.0,0,5.0,0,0,0.024999999999999998
2,0,0,0.0,1,0.0,3,27.0,0,0,0.0
5,5,2,3.0,2,0.0,3,5.0,1,0,0.11499999999999999
5,5,9,10.0,2,1.0,6,3.0,0,0,0.08333333333333333
4,2,0,2.5,2,0.0,1,24.0,0,0,0.1366666666666667
5,1,4,4.0,1,0.0,3,25.0,0,0,0.17
4,0,0,6.5,1,0.5,0,3.0,0,0,0.07333333333333333
4,3,3,0.0,2,0.0,2,15.0,1,0,0.4749999999999999
1,0,0,0.0,0,0.0,0,30.0,0,0,0.0
3,0,0,0.0,0,0.0,9,13.0,0,0,0.0016666666666666668
5,4,0,1.5,2,0.5,2,19.0,1,0,0.32183333333333336
5,4,3,3.5,2,0.0,3,16.0,0,0,0.285
4,0,1,1.5,1,0.0,2,3.0,0,0,0.013333333333333334
4,1,0,1.0,2,0.0,6,26.0,0,0,0.0
3,2,2,0.0,2,0.0,4,25.0,0,0,0.005
5,2,3,2.0,2,0.0,4,3.0,1,1,0.601111111111111
5,0,0,2.0,1,0.0,3,7.0,0,0,0.0
5,3,0,3.5,2,0.0,3,5.0,0,1,0.5633333333333334
1,0,0,0.0,2,0.0,1,6.0,0,0,0.0
5,2,0,4.0,1,0.0,4,8.0,0,1,0.6372222222222222
5,0,2,7.0,1,0.5,2,15.0,0,0,0.19166666666666665
5,1,3,3.5,1,0.0,3,45.0,0,0,0.48833333333333334
5,2,0,2.5,1,0.0,2,5.0,1,0,0.2733333333333334
1,0,0,0.0,0,0.0,0,30.0,0,0,0.0
3,1,1,2.0,2,0.5,3,17.0,0,0,0.0016666666666666668
5,5,6,7.0,2,0.0,5,11.0,0,0,0.15833333333333333
5,4,2,5.5,1,0.0,3,12.0,0,0,0.16333333333333333
2,2,0,0.0,0,0.0,3,14.0,0,0,0.0016666666666666668
3,0,1,0.0,3,0.0,4,2.0,0,0,0.0
5,3,3,4.0,2,0.0,9,19.0,1,0,0.29666666666666663
5,3,3,1.5,3,1.0,1,10.0,1,0,0.295
3,1,1,0.5,1,1.0,2,10.0,0,0,0.0033333333333333335
2,1,0,4.0,2,0.0,4,12.0,0,0,0.0033333333333333335
4,2,0,0.0,1,0.0,2,15.0,0,0,0.005
5,1,1,1.0,2,0.5,5,2.0,0,0,0.03416666666666667
3,3,3,0.5,2,1.0,4,39.0,0,0,0.19500000000000003
5,0,2,1.0,1,0.0,4,3.0,0,0,0.0016666666666666668
5,2,0,3.0,2,0.0,0,15.0,1,0,0.26063888888888886
5,2,3,4.5,2,1.0,3,9.0,0,0,0.3333333333333333
4,0,0,0.0,0,0.0,0,8.0,0,0,0.0
5,2,4,0.0,3,0.5,4,18.0,1,0,0.28833333333333333
5,2,7,3.5,2,0.0,6,7.0,0,0,0.305
4,0,1,0.5,1,0.0,1,13.0,0,0,0.0033333333333333335
4,3,5,1.5,2,0.5,3,17.0,1,1,0.6083333333333333
5,0,1,0.0,0,0.0,6,13.0,0,0,0.0033333333333333335
5,5,0,10.0,2,0.0,0,15.0,0,0,0.11166666666666665
4,2,0,0.5,2,0.5,2,35.0,0,0,0.018333333333333333
5,5,0,5.0,1,0.0,4,16.0,0,0,0.15494444444444444
2,0,3,1.0,1,1.0,1,4.0,0,0,0.0
4,4,3,4.0,1,0.0,4,1.0,0,0,0.46666666666666673
5,5,1,7.5,0,1.0,6,11.0,1,0,0.041666666666666664
1,0,0,0.0,1,0.0,3,12.0,0,0,0.0
4,3,4,1.5,1,0.0,8,14.0,1,0,0.4683333333333333
5,2,3,2.5,1,0.0,3,12.0,0,0,0.29083333333333333
5,5,0,0.0,1,0.0,3,32.0,0,1,0.5616666666666666
5,5,0,3.5,1,0.0,2,15.0,0,0,0.19166666666666665
4,0,0,5.0,1,0.0,0,9.0,0,0,0.008333333333333333
5,3,0,3.5,3,0.0,0,10.0,0,0,0.3116666666666667
5,4,3,2.5,3,0.5,4,3.0,1,1,0.53
5,2,1,0.0,1,0.0,1,4.0,0,0,0.03333333333333333
5,3,6,4.5,2,0.0,6,30.0,1,0,0.3633333333333333
1,0,0,0.0,1,0.0,0,1.0,0,0,0.0
4,0,1,0.5,1,0.0,6,20.0,0,0,0.0016666666666666668
5,5,3,4.0,2,0.5,3,1.0,1,0,0.3433333333333333
5,1,4,10.0,3,0.0,1,2.0,0,0,0.07833333333333332
5,1,0,0.0,0,0.0,2,15.0,0,0,0.0
5,2,2,2.0,1,0.0,4,15.0,0,1,0.6133333333333333
3,3,2,6.5,0,1.0,2,5.0,0,0,0.18666666666666668
1,0,0,1.5,3,0.0,3,4.0,0,0,0.0
5,5,1,1.5,0,0.0,2,13.0,0,0,0.16166666666666665
5,2,1,2.0,0,0.0,5,11.0,0,0,0.37333333333333335
3,3,0,3.0,1,1.0,0,35.0,0,0,0.008333333333333333
1,0,1,0.0,2,0.5,3,18.0,0,0,0.0
5,3,4,4.5,1,0.0,7,5.0,0,0,0.36999999999999994
4,2,4,0.0,1,0.0,1,60.0,0,0,0.22166666666666668
5,5,1,7.0,2,0.0,6,10.0,0,0,0.13166666666666668
4,1,1,3.0,1,0.0,2,14.0,0,0,0.0
5,1,0,0.5,2,0.0,3,27.0,0,0,0.008333333333333333
4,0,3,1.5,2,1.0,3,10.0,0,0,0.025000000000000005
2,0,0,0.0,1,0.0,3,5.0,0,0,0.0
4,4,7,1.0,1,1.0,6,25.0,0,0,0.4083333333333334
4,0,1,2.5,1,0.0,3,5.0,0,0,0.0
5,3,1,4.5,2,0.0,4,28.0,1,0,0.37666666666666665
5,5,0,0.0,3,1.0,4,1.0,0,0,0.17
3,2,3,4.5,1,0.0,4,2.0,0,1,0.5683333333333334
5,5,8,3.0,2,0.0,6,8.0,0,1,0.6183333333333333
5,1,5,4.0,3,0.0,6,16.0,1,0,0.43166666666666664
4,0,0,1.5,2,0.5,3,5.0,0,0,0.0
5,1,3,2.5,2,0.5,5,7.0,0,1,0.6366666666666667
3,0,0,0.0,1,0.0,6,7.0,0,0,0.0
5,0,3,3.0,2,0.5,0,3.0,0,0,0.15333333333333332
2,1,0,0.0,3,0.5,5,10.0,0,0,0.0
5,0,5,2.0,3,0.0,2,1.0,1,0,0.43166666666666664
5,5,0,0.0,2,1.0,4,30.0,0,0,0.3833333333333333
5,1,1,3.0,1,0.0,1,28.0,0,0,0.021666666666666667
4,3,2,1.5,2,0.5,4,15.0,0,0,0.355
5,5,6,7.5,1,0.0,2,6.0,0,0,0.018333333333333333
5,5,1,10.0,2,0.5,5,3.0,0,0,0.05333333333333334
5,5,0,6.0,2,0.5,4,11.0,1,0,0.11333333333333333
1,0,0,0.0,3,0.0,0,25.0,0,0,0.0
5,2,2,1.0,1,0.0,4,24.0,0,0,0.12833333333333333
5,0,6,4.0,0,0.0,4,3.0,0,0,0.35333333333333333
5,5,4,5.5,3,0.0,3,7.0,1,0,0.3933333333333333
4,3,4,0.0,2,0.0,0,21.0,1,1,0.57
1,0,0,0.0,3,0.5,4,2.0,0,0,0.0
5,5,4,5.5,4,1.0,8,11.0,0,0,0.24666666666666667
4,0,0,0.0,1,0.5,0,1.0,0,0,0.0033333333333333335
5,2,0,0.0,2,0.0,1,10.0,0,0,0.02
5,1,2,3.5,0,0.0,7,2.0,0,0,0.20000000000000004
5,4,3,3.5,2,0.0,5,17.0,1,0,0.275
2,0,0,0.5,1,0.5,4,10.0,0,0,0.0
5,0,4,4.0,1,0.0,2,5.0,1,0,0.38000000000000006
5,1,3,5.0,3,1.0,4,9.0,0,0,0.4383333333333333
5,5,2,7.0,1,0.5,6,20.0,0,0,0.06333333333333334
2,0,0,0.0,0,0.0,3,15.0,0,0,0.0
5,0,0,1.5,2,0.5,5,9.0,0,0,0.008333333333333333
3,4,0,0.0,3,0.0,1,27.0,0,0,0.06666666666666667
5,2,1,0.0,1,0.0,1,8.0,0,0,0.018333333333333337
5,2,4,2.0,2,0.0,4,6.0,1,1,0.6316666666666667
5,5,6,3.0,1,0.0,6,17.0,1,0,0.4716666666666667
5,2,5,2.0,3,0.5,0,1.0,0,1,0.5066666666666667
4,3,2,0.5,4,0.0,4,1.0,0,0,0.47000000000000003
3,0,3,2.5,2,0.0,2,4.0,0,0,0.013333333333333334
5,4,12,8.0,3,1.0,5,10.0,0,0,0.05833333333333333
3,2,1,2.0,3,0.0,3,13.0,0,0,0.015
4,3,0,3.5,1,0.0,2,10.0,0,0,0.21833333333333335
3,1,3,0.5,1,0.5,0,15.0,0,0,0.0033333333333333335
4,1,0,1.0,1,0.5,1,6.0,0,0,0.0
2,5,2,10.0,1,0.0,0,10.0,0,0,0.13333333333333333
3,0,0,0.0,1,0.0,4,1.0,0,0,0.0
5,0,0,6.0,0,0.0,0,7.0,0,0,0.0
5,1,6,0.0,1,0.0,3,11.0,0,0,0.17666666666666667
4,1,0,1.0,1,0.5,2,16.0,0,0,0.0
5,2,0,6.0,2,0.5,3,5.0,1,0,0.21625000000000003
1,0,0,0.0,2,0.5,1,5.0,0,0,0.0
5,5,1,4.0,2,0.0,4,14.0,0,0,0.3958253968253967
5,0,0,0.0,0,0.5,4,4.0,0,0,0.0
4,0,0,0.0,1,0.5,2,6.0,0,0,0.0
5,3,8,3.0,1,0.0,6,17.0,1,0,0.27166666666666667
1,0,0,0.0,1,0.0,0,11.0,0,0,0.0
4,1,0,0.0,1,0.5,2,12.0,0,0,0.0
5,5,6,3.5,0,0.0,0,7.0,1,0,0.32499999999999996
5,1,0,3.0,2,1.0,1,26.0,0,0,0.06
5,5,0,6.5,2,0.0,3,15.0,1,0,0.08166666666666667
5,0,2,3.0,3,1.0,0,13.0,0,0,0.09666666666666668
1,0,0,0.0,1,0.5,2,19.0,0,0,0.0
5,0,3,0.0,3,1.0,6,18.0,0,0,0.07833333333333334
5,5,6,6.0,1,0.0,4,13.0,0,0,0.0961111111111111
5,5,4,4.0,2,0.5,5,5.0,0,0,0.1566666666666667
5,0,3,5.5,3,0.0,0,2.0,0,0,0.2933333333333333
5,5,1,5.5,1,1.0,5,12.0,0,0,0.08166666666666667
4,0,2,0.0,2,0.0,4,10.0,0,0,0.0
5,5,3,4.0,2,0.0,6,5.0,0,0,0.3116666666666667
5,0,0,7.0,0,0.0,0,9.0,0,0,0.055
4,0,2,0.0,1,0.0,3,13.0,0,0,0.005
3,0,5,4.0,1,0.5,1,5.0,0,0,0.18666666666666668
5,4,0,0.0,3,0.0,0,9.0,0,1,0.7600000000000001
5,0,0,0.0,3,0.0,6,4.0,0,0,0.0016666666666666668
4,0,3,2.5,3,1.0,3,11.0,0,0,0.05833333333333333
5,3,0,7.0,2,0.0,2,12.0,0,1,0.5441666666666667
5,0,0,4.0,2,0.0,1,6.0,0,0,0.0016666666666666668
5,1,3,5.5,1,0.0,3,35.0,0,0,0.043333333333333335
1,0,0,0.0,1,0.0,2,9.0,0,0,0.0
4,1,2,1.5,0,0.0,6,2.0,0,0,0.024166666666666666
5,3,2,1.0,3,0.0,7,23.0,1,1,0.6550000000000001
5,2,4,4.5,3,1.0,3,10.0,0,0,0.48833333333333334
4,0,2,1.5,3,0.0,0,2.0,0,0,0.0016666666666666668
5,0,0,3.5,2,0.5,2,6.0,0,0,0.006666666666666667
5,1,6,0.0,3,0.0,4,2.0,0,1,0.72625
4,2,3,1.0,2,0.0,6,12.0,0,0,0.07666666666666667
5,5,1,6.0,2,0.0,3,43.0,0,0,0.20000000000000004
4,2,3,1.0,1,1.0,6,9.0,0,0,0.21666666666666667
5,2,4,6.0,1,0.0,1,50.0,0,0,0.27
5,1,0,0.0,2,0.0,3,15.0,0,0,0.0
5,5,1,1.5,3,0.0,3,12.0,1,1,0.5816666666666667
5,1,3,5.0,2,0.0,1,19.0,0,0,0.3755555555555556
5,3,7,8.5,1,0.5,4,22.0,0,0,0.10833333333333332
5,0,5,3.0,2,0.0,2,17.0,1,1,0.56
5,4,7,6.0,1,0.5,6,20.0,0,0,0.12833333333333333
4,0,0,0.0,0,0.0,2,1.0,0,0,0.0
5,1,1,3.5,1,0.0,2,12.0,0,0,0.14833333333333334
3,1,2,0.0,2,1.0,3,20.0,0,0,0.0016666666666666668
5,1,0,1.5,2,0.0,0,26.0,0,0,0.0033333333333333335
3,2,0,1.5,1,0.0,8,15.0,0,0,0.015
5,1,0,3.5,4,0.5,5,10.0,0,0,0.09166666666666667
4,1,3,3.0,1,0.0,2,30.0,0,0,0.10666666666666667
4,0,0,2.0,0,0.0,8,30.0,0,0,0.015000000000000001
5,5,2,0.0,1,0.0,3,5.0,0,0,0.40499999999999997
5,4,7,5.0,2,0.0,3,16.0,0,1,0.5583333333333332
5,5,2,1.0,1,0.0,4,15.0,0,0,0.3183333333333333
5,2,1,1.0,1,0.0,4,14.0,0,0,0.06166666666666667
4,2,0,3.5,2,0.0,0,15.0,0,0,0.09333333333333334
3,3,0,1.0,1,0.0,0,40.0,0,0,0.0
4,0,4,3.5,1,0.0,3,23.0,0,0,0.23166666666666666
3,2,2,2.5,2,0.0,4,18.0,0,0,0.20000000000000004
3,0,0,0.5,2,1.0,2,5.0,0,0,0.0
5,5,4,3.5,3,0.5,2,3.0,0,0,0.3383333333333334
5,5,10,7.0,3,1.0,5,25.0,0,0,0.25833333333333336
4,0,2,0.0,2,0.5,2,8.0,0,0,0.0016666666666666668
5,5,4,5.5,2,0.0,4,4.0,0,0,0.4683333333333333
2,0,0,0.0,2,0.5,3,20.0,0,0,0.0
4,1,4,2.5,3,0.0,0,25.0,1,0,0.20666666666666667
5,4,8,6.0,2,0.0,5,3.0,0,1,0.5683333333333334
1,0,0,0.0,1,1.0,5,3.0,0,0,0.0
3,2,6,3.0,1,0.0,8,2.0,0,1,0.5816666666666667
3,4,0,0.0,0,0.0,1,26.0,0,0,0.0033333333333333335
5,0,3,0.5,4,0.5,1,21.0,0,0,0.015
5,1,3,4.0,1,0.0,1,13.0,0,0,0.18166666666666664
4,2,2,2.0,2,0.0,2,29.0,0,0,0.22166666666666668
5,0,2,3.0,1,0.0,3,36.0,0,0,0.06166666666666667
5,5,2,0.5,3,1.0,3,2.0,0,0,0.25166666666666665
1,0,0,1.0,1,0.0,3,30.0,0,0,0.0
5,1,13,9.0,1,0.0,4,45.0,0,0,0.18000000000000002
5,2,7,3.0,3,0.0,4,3.0,1,0,0.45333333333333337
5,0,2,3.5,1,1.0,1,17.0,0,0,0.14833333333333334
5,0,0,1.5,1,1.0,3,21.0,0,0,0.0016666666666666668
5,5,3,4.0,1,0.0,5,15.0,1,0,0.2933333333333334
5,1,2,2.5,3,0.0,6,23.0,0,0,0.2316666666666667
3,2,2,0.0,2,0.5,3,11.0,0,0,0.006666666666666667
5,0,2,3.5,1,0.0,4,20.0,0,0,0.11
3,0,1,0.0,2,0.0,3,40.0,0,0,0.0
4,3,0,2.0,2,0.0,2,8.0,0,0,0.1366666666666667
5,5,3,7.0,1,0.0,2,40.0,0,0,0.07833333333333334
1,0,0,0.0,1,0.0,0,11.0,0,0,0.0
5,1,0,4.5,1,0.0,0,50.0,0,1,0.5516666666666666
1,0,0,0.0,0,0.0,0,2.0,0,0,0.0
5,1,6,6.0,2,0.0,1,20.0,0,0,0.15666666666666668
4,3,2,1.5,3,1.0,1,3.0,0,0,0.48666666666666675
4,1,0,0.0,1,0.0,3,10.0,0,0,0.0
5,5,0,3.5,1,0.0,0,5.0,0,0,0.2554166666666667
4,2,1,0.0,1,0.0,4,10.0,0,0,0.01333333333333333
3,1,2,0.0,2,0.0,1,22.0,0,0,0.0
1,0,0,0.0,1,0.0,2,3.0,0,0,0.0
4,4,4,2.0,2,1.0,5,35.0,1,0,0.3433333333333333
4,2,1,5.0,2,0.0,4,15.0,1,0,0.3633333333333333
4,0,0,4.0,2,0.0,2,2.0,0,0,0.0033333333333333335
5,1,7,4.0,2,0.5,5,6.0,1,0,0.4033333333333333
5,1,0,4.5,2,0.0,1,13.0,0,0,0.20666666666666667
5,1,1,1.0,2,0.0,4,5.0,0,0,0.008333333333333333
5,5,5,6.0,2,0.0,4,2.0,0,0,0.3333333333333333
5,4,2,9.0,1,1.0,3,6.0,0,0,0.06166666666666667
5,4,10,9.5,2,0.5,3,25.0,0,0,0.04833333333333334
1,0,0,0.0,4,0.0,5,15.0,0,0,0.0
4,2,1,2.0,2,0.5,10,5.0,0,0,0.23666666666666666
3,3,0,1.0,1,0.0,3,8.0,0,0,0.016666666666666666
4,0,2,4.0,2,0.0,0,30.0,0,0,0.07166666666666666
5,5,11,5.5,0,1.0,6,17.0,0,0,0.14833333333333334
5,2,3,1.5,2,0.5,3,15.0,0,1,0.5683333333333332
5,5,3,0.5,1,0.5,5,3.0,1,0,0.20833333333333334
4,0,2,2.0,2,0.0,5,2.0,0,0,0.0
4,2,4,4.0,1,0.0,7,4.0,0,1,0.6916666666666668
4,2,2,1.0,3,0.0,3,31.0,0,0,0.2133333333333333
4,3,6,0.5,2,0.5,2,8.0,1,1,0.5333333333333333
4,0,0,2.0,2,0.5,1,20.0,0,0,0.0016666666666666668
3,3,0,0.0,2,0.0,1,20.0,0,0,0.005
1,0,0,0.0,2,0.0,6,9.0,0,0,0.0
5,5,5,3.0,1,0.5,8,25.0,0,0,0.19000000000000003
3,3,0,0.0,1,0.0,6,40.0,0,0,0.0
5,5,0,4.0,1,0.0,4,10.0,0,0,0.3387222222222222
5,5,0,8.0,3,0.0,5,5.0,0,0,0.08666666666666667
5,4,0,0.0,3,0.0,2,11.0,0,1,0.555
5,5,3,2.5,1,0.0,1,13.0,0,0,0.26833333333333337
4,2,0,1.0,2,0.0,3,30.0,0,0,0.0033333333333333335
5,2,0,4.5,1,0.0,1,25.0,0,0,0.2347222222222222
4,0,2,3.0,2,1.0,5,25.0,0,0,0.023333333333333334
5,5,0,10.0,1,0.5,0,7.0,0,0,0.005
5,4,0,0.0,1,1.0,2,2.0,0,0,0.3216666666666667
5,1,2,4.0,1,0.5,5,34.0,0,0,0.3401944444444444
5,1,0,3.0,2,0.0,3,35.0,0,0,0.02
5,0,2,3.5,2,0.0,2,20.0,0,0,0.115
5,5,5,9.0,0,0.0,2,28.0,0,0,0.08333333333333333
5,5,4,10.0,1,0.0,4,30.0,0,0,0.04
3,1,3,0.0,4,0.5,3,5.0,0,0,0.011666666666666667
3,3,0,0.0,3,0.0,3,31.0,0,0,0.0033333333333333335
3,3,4,0.0,2,0.0,2,5.0,0,0,0.225
4,3,2,1.5,3,0.5,2,25.0,1,1,0.5750000000000001
3,4,1,0.0,0,0.5,0,22.0,0,0,0.07166666666666667
5,1,6,8.0,2,0.0,4,40.0,0,0,0.24166666666666667
5,5,1,1.5,1,0.5,3,23.0,0,0,0.17500000000000002
5,0,1,2.0,3,0.5,6,10.0,0,0,0.021666666666666667
5,4,3,2.0,3,0.5,5,5.0,0,1,0.5499999999999999
4,2,1,0.0,2,0.0,4,17.0,0,0,0.018333333333333333
4,1,0,0.0,2,0.0,0,5.0,0,0,0.0
5,1,2,0.5,1,0.5,1,11.0,0,0,0.026666666666666672
5,0,0,2.0,1,0.0,3,3.0,0,0,0.0
5,1,1,0.0,1,0.5,4,5.0,0,0,0.0016666666666666668
4,2,2,1.5,1,0.5,5,16.0,0,0,0.145
3,1,5,10.0,2,0.5,9,1.0,0,0,0.20333333333333334
5,3,0,5.0,2,1.0,2,14.0,0,0,0.25833333333333336
5,2,4,1.5,1,0.0,3,12.0,0,0,0.32
5,0,0,0.0,0,0.0,0,3.0,0,0,0.0
3,0,3,2.0,3,0.0,2,10.0,0,0,0.008333333333333333
5,3,0,0.0,2,1.0,2,30.0,0,0,0.2733333333333333
3,3,0,10.0,1,1.0,0,20.0,0,0,0.005
3,2,2,1.5,2,0.0,3,13.0,0,0,0.03666666666666667
5,1,6,9.0,1,0.0,4,15.0,0,0,0.026666666666666672
5,5,5,2.0,3,0.0,5,10.0,1,0,0.21666666666666665
5,2,11,7.0,3,0.0,2,10.0,1,0,0.39666666666666667
5,5,3,1.0,1,0.0,1,10.0,0,0,0.24166666666666667
5,1,0,2.5,2,0.5,3,13.0,0,0,0.013333333333333334
5,1,5,3.5,3,0.0,9,4.0,0,1,0.6999999999999998
1,1,1,0.0,2,0.0,3,15.0,0,0,0.0
4,4,0,2.0,3,0.0,3,28.0,1,0,0.43166666666666664
5,0,1,6.0,1,0.0,2,5.0,0,0,0.06333333333333334
5,5,2,5.0,1,0.0,6,17.0,0,0,0.13166666666666668
5,4,3,1.0,1,0.0,3,25.0,1,0,0.4083333333333334
2,2,0,0.0,1,0.0,0,30.0,0,0,0.0
3,3,0,0.0,3,0.0,10,4.0,0,0,0.03833333333333334
5,0,0,0.0,0,0.0,0,15.0,0,0,0.0
4,4,2,2.5,2,0.0,4,20.0,0,0,0.31499999999999995
3,0,0,1.0,1,0.0,4,24.0,0,0,0.0
4,0,0,2.0,3,0.0,0,35.0,0,0,0.011666666666666667
5,5,3,10.0,1,0.0,3,22.0,0,0,0.06833333333333334
4,0,1,6.0,2,0.0,2,36.0,0,0,0.16166666666666665
5,4,8,5.5,0,0.5,2,7.0,0,0,0.1466666666666667
5,5,12,5.0,1,0.0,10,10.0,0,0,0.3933333333333333
3,1,0,0.0,0,0.0,4,13.0,0,0,0.0
4,1,2,0.0,3,0.0,1,12.0,0,0,0.005
5,5,2,1.5,1,0.0,0,20.0,1,0,0.31833333333333336
4,1,2,0.0,2,0.0,2,20.0,0,0,0.006666666666666667
5,4,4,1.5,3,0.0,7,25.0,1,1,0.5783333333333333
5,4,0,4.0,3,0.5,0,1.0,0,0,0.45555555555555555
5,5,6,5.5,2,0.0,10,15.0,1,0,0.12333333333333334
3,5,0,2.0,2,0.0,0,41.0,1,0,0.19333333333333333
5,5,1,5.0,2,0.0,6,17.0,0,0,0.12591666666666665
5,1,0,1.0,1,0.0,0,15.0,0,0,0.0016666666666666668
5,2,1,1.5,1,0.0,1,9.0,0,0,0.18499999999999997
5,2,2,6.5,1,1.0,2,16.0,0,0,0.18499999999999997
5,5,5,3.0,1,1.0,7,14.0,0,0,0.22999999999999998
4,4,0,4.5,0,0.0,4,37.0,0,0,0.29666666666666663
5,1,8,8.0,0,0.0,4,2.0,0,0,0.20166666666666666
4,4,6,1.0,1,0.0,4,8.0,1,1,0.5166666666666666
3,3,2,5.5,1,0.5,2,4.0,0,0,0.25833333333333336
4,3,2,1.0,3,0.5,3,17.0,1,1,0.5966666666666666
3,0,0,0.0,1,0.0,3,50.0,0,0,0.0
4,3,0,0.0,1,1.0,4,11.0,0,0,0.02666666666666667
5,4,4,6.0,3,0.0,8,5.0,0,1,0.5016666666666666
3,1,0,0.0,2,0.0,1,12.0,0,0,0.0
5,5,1,10.0,1,0.0,1,23.0,0,0,0.01
5,0,4,2.5,3,0.0,2,2.0,1,0,0.30333333333333334
3,3,0,0.0,1,0.0,4,20.0,0,0,0.0033333333333333335
3,0,0,0.0,1,0.0,3,22.0,0,0,0.0
4,2,0,6.0,2,0.0,0,2.0,0,0,0.3033333333333333
5,3,0,5.5,1,0.0,4,11.0,0,0,0.085
4,0,1,0.0,2,0.0,1,14.0,0,0,0.0
5,4,4,3.0,1,0.0,6,5.0,1,0,0.35333333333333333
5,2,10,0.5,1,1.0,10,27.0,1,0,0.32833333333333337
5,1,2,10.0,1,0.0,6,10.0,0,0,0.015
5,3,0,3.5,1,0.0,3,10.0,0,0,0.2505555555555556
3,0,0,0.0,1,1.0,0,25.0,0,0,0.0
5,3,1,4.5,2,1.0,4,22.0,1,0,0.4666666666666666
5,0,0,5.0,2,0.0,5,11.0,0,0,0.01
5,5,0,4.5,2,0.0,6,12.0,1,0,0.15666666666666665
3,3,10,10.0,0,1.0,1,30.0,0,0,0.22666666666666666
5,3,3,5.0,4,1.0,2,6.0,0,1,0.5650000000000001
3,1,0,2.0,1,1.0,2,16.0,0,0,0.0
3,0,0,0.0,1,0.0,2,22.0,0,0,0.0
4,4,3,0.0,2,0.0,4,22.0,1,0,0.32
5,0,3,5.0,0,0.0,6,4.0,0,0,0.21
3,0,0,5.5,0,0.0,3,30.0,0,0,0.018333333333333333
4,2,0,0.5,2,0.0,4,15.0,0,0,0.01
3,4,1,0.0,1,0.0,2,25.0,0,0,0.13166666666666668
2,3,0,0.0,1,0.0,0,39.0,0,0,0.0
3,3,0,0.0,0,0.0,0,15.0,0,0,0.0
5,1,0,3.5,3,0.0,1,6.0,0,0,0.015000000000000001
2,1,0,2.0,0,0.0,1,3.0,0,0,0.005
5,1,0,3.5,4,0.0,2,2.0,0,0,0.17
3,2,1,1.5,3,0.0,0,8.0,0,0,0.026666666666666672
3,0,3,1.5,1,0.5,1,20.0,0,0,0.024999999999999998
5,0,4,0.0,1,0.0,4,1.0,0,0,0.045000000000000005
5,5,0,10.0,1,0.0,1,12.0,0,0,0.006666666666666667
4,1,6,6.5,3,0.0,7,3.0,1,0,0.39999999999999997
4,0,9,1.5,1,0.0,2,5.0,1,0,0.3516666666666666
5,0,0,7.5,2,0.0,1,9.0,0,0,0.06
5,5,3,5.5,0,0.0,6,28.0,0,0,0.06
5,1,7,4.0,2,0.0,4,10.0,0,0,0.235
1,0,0,0.0,2,0.0,0,3.0,0,0,0.0
4,0,0,1.0,2,0.0,4,5.0,0,0,0.0016666666666666668
5,4,0,4.5,3,0.0,0,1.0,0,0,0.2672222222222222
5,5,3,3.0,3,0.0,11,10.0,1,0,0.2816666666666667
5,0,0,8.0,0,0.0,0,2.0,0,0,0.016666666666666666
5,3,9,6.5,1,0.0,4,4.0,0,0,0.1466666666666667
5,5,4,3.5,4,0.0,2,3.0,1,0,0.3733333333333333
5,1,6,2.0,2,1.0,2,17.0,1,0,0.2866666666666666
3,0,0,0.0,2,0.0,0,13.0,0,0,0.0
4,1,4,2.0,1,1.0,5,2.0,0,0,0.25166666666666665
5,0,0,3.0,1,0.0,4,14.0,0,0,0.0025
5,2,3,0.0,2,0.0,4,45.0,1,0,0.2783333333333333
4,2,0,1.5,3,0.0,3,19.0,0,0,0.016666666666666666
4,0,0,1.5,1,0.5,1,8.0,0,0,0.0
3,2,0,1.0,3,0.0,0,10.0,0,0,0.0033333333333333335
4,3,0,4.0,1,0.5,2,14.0,0,0,0.22666666666666668
4,0,6,1.5,2,0.0,6,4.0,0,0,0.31666666666666665
3,0,0,1.5,2,0.0,4,1.0,0,0,0.0
5,3,2,5.0,1,0.5,4,14.0,0,0,0.37833333333333335
5,1,3,1.5,3,1.0,2,14.0,1,0,0.3
4,1,6,0.5,3,0.0,4,10.0,0,0,0.25666666666666665
1,0,0,0.0,2,0.0,0,2.0,0,0,0.0
5,0,5,5.0,2,0.0,2,20.0,0,1,0.705
3,0,0,1.5,2,0.0,2,30.0,0,0,0.0
5,4,2,1.5,1,0.0,5,32.0,0,0,0.1683333333333333
3,0,0,0.0,2,0.0,3,3.0,0,0,0.0
5,1,4,1.0,2,0.0,7,25.0,0,0,0.20333333333333334
4,0,2,0.0,2,0.0,3,12.0,0,0,0.0
5,1,3,2.5,2,0.0,2,5.0,0,0,0.2866666666666667
3,0,0,1.0,2,0.0,1,20.0,0,0,0.0
4,0,0,0.5,0,0.0,3,24.0,0,0,0.0016666666666666668
3,0,0,10.0,0,0.5,0,10.0,0,0,0.11499999999999999
1,0,0,0.0,0,0.0,0,7.0,0,0,0.0
4,0,0,1.0,1,0.0,0,15.0,0,0,0.0
5,0,1,4.0,5,0.0,2,4.0,0,0,0.08166666666666667
5,2,0,0.0,0,0.5,3,17.0,0,0,0.015000000000000001
5,1,0,3.0,1,0.0,2,38.0,0,0,0.023333333333333334
4,1,0,0.0,1,0.0,0,13.0,0,0,0.0016666666666666668
5,1,0,4.5,2,0.5,2,4.0,0,0,0.215
5,4,0,3.5,1,0.5,4,5.0,0,0,0.2333333333333333
5,5,2,6.5,3,0.0,2,30.0,0,0,0.12333333333333334
5,5,2,4.5,3,0.0,3,13.0,0,0,0.3516666666666666
5,0,0,0.5,2,0.0,3,13.0,0,0,0.005
5,5,1,9.0,1,0.0,3,10.0,0,0,0.03333333333333333
5,0,2,2.0,2,0.0,4,9.0,0,0,0.008333333333333333
4,1,4,3.5,3,0.0,2,1.0,1,0,0.4183333333333333
5,3,6,5.5,2,0.0,5,5.0,0,0,0.13916666666666666
5,5,0,0.0,1,0.5,5,17.0,1,0,0.47833333333333333
1,0,0,0.0,2,0.0,0,15.0,0,0,0.0
5,2,4,0.0,2,1.0,6,14.0,1,0,0.44999999999999996
2,1,1,0.0,1,0.0,1,15.0,0,0,0.0
5,5,0,4.5,2,0.5,1,1.0,0,0,0.37083333333333335
5,1,1,6.5,1,0.0,5,18.0,0,0,0.13833333333333334
1,0,0,0.0,0,0.0,0,4.0,0,0,0.0
5,0,7,2.5,4,0.0,2,4.0,1,1,0.8233333333333333
3,3,0,6.5,2,0.5,4,10.0,1,0,0.2333333333333333
3,0,0,0.5,1,0.0,1,4.0,0,0,0.0
4,2,0,6.0,2,0.0,0,20.0,0,0,0.2783333333333334
5,0,4,0.0,3,0.5,6,9.0,0,0,0.07333333333333333
2,0,2,1.0,0,0.0,3,4.0,0,0,0.0033333333333333335
5,0,0,0.0,0,0.5,0,1.0,0,0,0.0
5,2,3,1.5,3,0.0,4,5.0,0,0,0.40166666666666667
4,2,3,2.5,2,1.0,2,10.0,1,0,0.36999999999999994
4,2,3,1.5,3,0.0,3,13.0,1,0,0.4166666666666667
5,5,7,0.0,1,1.0,4,6.0,0,0,0.17833333333333334
5,5,0,5.0,1,0.5,2,20.0,0,0,0.18666666666666668
4,1,4,1.0,2,0.0,5,7.0,0,0,0.10583333333333333
4,2,5,0.5,1,0.0,5,7.0,1,1,0.54
4,1,1,3.5,1,0.0,6,22.0,0,0,0.041666666666666664
5,3,3,0.0,1,0.5,4,4.0,0,0,0.10666666666666667
4,0,1,3.0,3,0.5,0,1.0,0,0,0.018333333333333333
5,1,0,1.0,1,0.0,2,7.0,0,0,0.0
5,5,0,0.0,3,0.0,4,9.0,0,0,0.25666666666666665
5,1,3,2.0,2,1.0,3,13.0,1,0,0.3033333333333333
5,1,0,0.0,1,0.0,3,26.0,0,0,0.0
4,1,5,2.5,2,0.0,4,19.0,0,0,0.21166666666666667
5,5,7,4.5,3,0.0,6,11.0,0,0,0.215
4,0,4,2.0,2,0.0,0,10.0,0,0,0.008333333333333333
3,0,0,0.0,1,0.5,3,6.0,0,0,0.0
5,2,0,5.0,2,0.0,3,12.0,0,0,0.3128611111111111
5,5,4,5.0,2,1.0,2,15.0,0,0,0.18166666666666664
5,3,0,2.5,2,0.0,3,15.0,1,1,0.5709722222222222
4,0,1,3.0,2,0.0,8,3.0,0,0,0.008333333333333333
4,3,2,1.5,3,0.0,6,9.0,1,1,0.735
5,5,4,5.0,2,0.0,6,10.0,0,0,0.20166666666666666
3,3,0,0.0,1,0.0,0,26.0,0,0,0.0
1,4,0,1.0,1,0.0,0,20.0,0,0,0.030277777777777775
4,0,1,1.5,1,0.5,0,9.0,0,0,0.0
5,0,1,2.0,1,1.0,1,15.0,0,0,0.011666666666666667
2,0,0,0.0,1,0.0,0,10.0,0,0,0.0
5,0,3,4.0,2,0.5,0,6.0,0,0,0.41
5,5,7,5.5,2,0.0,3,20.0,0,0,0.235
5,0,1,0.0,1,1.0,0,30.0,0,0,0.005
3,0,0,1.5,2,0.5,0,1.0,0,0,0.0
5,0,8,0.0,1,0.5,4,2.0,0,0,0.26166666666666666
1,0,0,0.0,0,0.0,3,23.0,0,0,0.0
5,2,0,3.0,1,0.0,2,10.0,1,0,0.34111111111111114
5,4,6,8.5,2,0.5,7,18.0,0,0,0.04666666666666667
5,0,2,2.0,1,0.0,4,24.0,0,0,0.03666666666666667
3,0,1,0.0,0,0.0,8,1.0,0,0,0.0016666666666666668
5,1,5,4.0,2,0.5,2,7.0,0,0,0.14333333333333334
3,1,1,0.5,0,0.0,3,8.0,0,0,0.0
5,5,4,10.0,1,1.0,3,2.0,0,0,0.09833333333333333
2,0,0,1.5,0,0.0,0,3.0,0,0,0.0033333333333333335
5,5,0,10.0,1,0.0,1,30.0,0,0,0.018333333333333337
5,2,2,3.5,1,0.5,1,15.0,1,0,0.125
5,2,0,0.0,0,0.0,2,34.0,0,0,0.015000000000000001
2,1,0,0.0,1,0.5,4,30.0,0,0,0.0
5,5,7,8.5,1,0.0,9,5.0,0,0,0.018333333333333337
1,0,0,0.0,1,0.0,2,2.0,0,0,0.0
3,1,3,1.0,1,0.5,3,20.0,0,0,0.005
4,5,2,1.5,1,0.0,4,25.0,0,0,0.4066666666666667
5,2,1,5.5,1,0.0,2,8.0,1,0,0.21527777777777776
3,0,0,0.0,2,1.0,4,6.0,0,0,0.0
5,0,7,0.0,4,0.0,6,4.0,1,1,0.5499999999999999
4,1,1,4.0,3,0.5,6,10.0,0,0,0.075
5,2,2,3.5,4,1.0,2,4.0,0,0,0.41
5,5,4,0.0,1,0.0,4,16.0,0,0,0.16666666666666666
3,0,0,1.0,1,0.0,4,9.0,0,0,0.0
1,0,0,2.0,4,0.0,0,1.0,0,0,0.008333333333333333
5,4,3,5.5,2,1.0,10,5.0,0,0,0.18000000000000002
4,0,0,2.5,2,0.0,3,12.0,0,0,0.0
1,0,0,0.0,1,0.0,0,20.0,0,0,0.0
5,1,3,4.0,1,0.0,2,5.0,1,0,0.11833333333333333
4,0,0,0.0,0,1.0,2,11.0,0,0,0.0033333333333333335
2,1,1,0.0,1,1.0,2,5.0,0,0,0.0016666666666666668
3,0,0,0.0,3,0.0,0,3.0,0,0,0.0
5,5,8,9.5,2,0.0,9,19.0,0,0,0.08333333333333333
4,2,2,1.5,2,0.5,7,10.0,0,0,0.18333333333333335
5,5,3,3.5,3,1.0,5,1.0,0,1,0.6266666666666667
4,0,2,2.5,1,0.5,0,3.0,0,0,0.02666666666666667
3,0,0,0.0,1,0.0,4,32.0,0,0,0.0
5,5,1,2.0,3,1.0,1,9.0,0,0,0.25833333333333336
1,0,0,0.0,0,0.0,0,8.0,0,0,0.0
5,1,0,4.0,2,0.0,0,2.0,0,0,0.008333333333333333
1,0,1,0.0,1,0.0,3,38.0,0,0,0.0
4,3,0,3.0,2,0.5,6,2.0,1,0,0.27499999999999997
5,5,4,4.0,2,0.5,5,27.0,0,0,0.39999999999999997
3,0,0,0.0,2,0.0,0,10.0,0,0,0.0
5,0,0,3.0,1,0.0,6,6.0,0,0,0.006666666666666667
4,2,1,1.5,3,0.5,6,15.0,0,0,0.215
5,1,0,0.0,3,1.0,7,1.0,0,0,0.04666666666666667
3,0,0,2.0,0,0.5,5,10.0,0,0,0.0
3,1,0,0.0,0,0.5,4,8.0,0,0,0.0
5,5,8,6.5,1,0.5,4,12.0,0,0,0.125
5,0,2,1.5,2,0.0,3,1.0,0,0,0.045000000000000005
4,3,4,0.0,2,0.5,10,8.0,1,1,0.6183333333333333
4,1,1,3.5,1,0.0,3,2.0,0,0,0.036666666666666674
5,0,0,0.0,2,1.0,0,13.0,0,0,0.0016666666666666668
5,1,5,2.5,1,0.0,5,22.0,1,0,0.2866666666666666
5,1,9,4.5,2,0.0,9,3.0,0,0,0.335
5,3,3,1.0,1,0.0,5,15.0,1,0,0.3133333333333334
5,5,0,4.5,1,0.0,3,20.0,0,0,0.09666666666666666
5,1,0,2.0,1,0.0,1,2.0,0,0,0.0026666666666666666
5,1,0,2.0,1,0.0,0,35.0,0,0,0.01
4,0,0,0.0,0,0.0,0,3.0,0,0,0.0
5,4,5,7.5,2,0.0,2,2.0,0,0,0.23166666666666666
4,0,0,2.5,2,0.0,2,6.0,0,0,0.0016666666666666668
4,4,0,0.0,2,0.0,6,7.0,0,0,0.034999999999999996
5,1,5,4.0,2,1.0,5,13.0,1,0,0.19999999999999998
4,4,6,6.5,3,0.5,6,7.0,0,1,0.5133333333333333
5,0,0,0.0,0,0.0,3,36.0,0,0,0.005
5,0,0,2.5,1,0.5,0,4.0,0,0,0.0
5,2,2,2.0,3,0.5,1,9.0,0,0,0.33
5,0,0,3.0,1,0.0,1,31.0,0,0,0.0
5,5,4,6.5,4,0.0,4,5.0,0,0,0.11833333333333333
5,4,1,1.5,3,1.0,7,1.0,0,0,0.4183333333333333
5,5,2,2.5,2,0.0,2,12.0,1,0,0.33499999999999996
5,1,10,7.0,2,0.0,0,13.0,0,0,0.2333333333333333
3,1,0,0.0,1,0.0,5,1.0,0,0,0.0
4,0,1,0.0,1,0.0,2,6.0,0,0,0.0
5,5,0,3.0,2,0.0,0,20.0,0,0,0.39375
3,0,0,0.0,1,0.5,0,21.0,0,0,0.0
5,0,9,5.0,1,0.5,2,25.0,0,0,0.39333333333333337
2,2,5,0.5,1,0.5,2,20.0,0,0,0.16666666666666666
5,1,3,4.0,1,1.0,1,10.0,0,0,0.2933333333333334
2,1,1,3.0,2,0.5,2,1.0,0,0,0.013333333333333334
4,2,0,1.0,3,0.5,0,1.0,0,0,0.04083333333333333
4,0,0,3.0,3,0.0,0,8.0,0,0,0.0
5,1,0,4.0,1,0.0,2,5.0,0,0,0.01
5,1,0,4.5,2,0.0,0,10.0,0,0,0.08666666666666667
5,1,0,4.0,1,0.5,2,30.0,0,0,0.04833333333333334
5,5,11,6.5,2,0.0,11,5.0,1,0,0.105
3,0,0,0.5,1,0.0,3,14.0,0,0,0.0
3,3,2,0.0,1,0.0,3,27.0,0,0,0.02
4,2,1,1.0,3,0.0,1,4.0,0,0,0.08333333333333333
5,5,7,3.5,3,0.0,2,7.0,0,1,0.5466666666666666
3,1,5,0.0,3,1.0,1,13.0,0,0,0.055
5,5,11,10.0,1,0.0,16,11.0,0,0,0.016666666666666666
5,5,7,1.0,4,0.0,3,20.0,0,1,0.54
2,3,0,0.0,0,0.5,0,13.0,0,0,0.0
5,0,0,2.5,1,0.0,1,3.0,0,0,0.0016666666666666668
4,2,1,0.0,2,0.0,5,11.0,0,0,0.02
4,1,3,6.5,3,1.0,0,14.0,0,0,0.24666666666666667
5,0,3,0.0,1,0.0,3,20.0,0,0,0.0016666666666666668
5,1,3,2.0,1,0.5,2,33.0,1,0,0.20833333333333334
4,4,0,4.0,2,0.5,2,18.0,1,0,0.46666666666666673
5,2,0,0.0,2,0.0,1,10.0,0,0,0.02
5,4,2,7.5,2,0.5,6,7.0,1,0,0.17833333333333334
4,1,0,2.0,1,0.0,3,30.0,0,0,0.0
4,4,4,1.5,2,0.0,4,26.0,0,1,0.5566666666666666
5,2,2,3.0,4,0.0,4,7.0,1,1,0.5666666666666667
4,0,0,0.0,0,1.0,0,20.0,0,0,0.0
2,1,0,1.5,0,0.0,3,5.0,0,0,0.0
5,5,4,8.0,1,0.0,6,9.0,0,0,0.19833333333333333
1,1,0,1.0,0,0.0,2,17.0,0,0,0.0
5,1,1,4.0,3,0.5,4,4.0,0,0,0.43
3,1,2,0.0,2,0.5,3,25.0,0,0,0.0
3,3,0,2.5,2,0.0,4,3.0,0,0,0.12166666666666666
3,2,0,2.0,2,0.0,4,34.0,0,0,0.005
1,0,0,0.0,2,0.0,0,20.0,0,0,0.0
1,0,0,0.0,2,0.5,3,18.0,0,0,0.0
4,4,0,3.0,0,0.0,3,38.0,1,0,0.10000000000000002
3,3,1,4.5,3,0.5,2,15.0,1,0,0.18333333333333332
5,0,1,1.5,1,0.0,3,30.0,0,0,0.0033333333333333335
4,3,2,1.0,3,0.5,5,12.0,0,1,0.6083333333333333
5,5,7,7.5,3,1.0,2,8.0,0,0,0.2233333333333333
5,3,2,2.0,3,0.0,6,14.0,1,0,0.3316666666666667
5,0,1,3.5,2,0.5,5,4.0,0,0,0.0016666666666666668
5,5,7,4.5,2,1.0,10,21.0,0,0,0.15833333333333335
5,2,3,2.0,1,0.0,2,20.0,0,0,0.4683333333333333
4,4,0,0.0,1,0.0,1,10.0,0,0,0.045000000000000005
4,0,4,0.0,0,1.0,6,28.0,0,0,0.04
5,4,2,5.0,3,0.0,2,3.0,1,0,0.28944444444444445
3,0,3,2.5,3,0.0,1,12.0,0,0,0.018333333333333333
5,1,3,5.5,1,0.0,1,8.0,0,0,0.3283333333333333
4,0,2,0.0,0,0.0,4,24.0,0,0,0.0016666666666666668
5,1,2,4.0,2,0.0,3,3.0,0,0,0.19999999999999998
5,4,3,3.5,2,0.5,4,15.0,0,0,0.19833333333333333
4,0,1,0.5,2,0.0,0,10.0,0,0,0.0
5,2,1,2.5,3,0.0,4,7.0,0,1,0.7133333333333333
4,0,2,2.0,2,0.0,2,6.0,0,0,0.0016666666666666668
5,1,6,0.0,2,0.0,3,3.0,1,1,0.7183333333333333
5,1,0,4.0,2,1.0,3,4.0,0,0,0.034999999999999996
4,2,0,3.0,1,0.0,0,15.0,0,0,0.04125
5,0,0,5.5,3,0.0,0,8.0,0,0,0.028333333333333335
5,5,1,10.0,1,0.0,3,13.0,0,0,0.021666666666666667
4,2,1,1.0,1,0.0,3,9.0,0,0,0.005
5,2,4,4.5,1,0.0,4,39.0,0,0,0.20666666666666667
2,0,0,0.0,1,0.0,0,9.0,0,0,0.0
5,4,4,3.5,2,0.0,4,10.0,0,0,0.13
2,2,0,0.5,1,0.5,2,24.0,0,0,0.0
1,0,1,0.5,2,0.0,0,29.0,0,0,0.0
3,1,5,2.5,1,0.5,0,27.0,0,0,0.075
2,0,0,0.5,2,0.0,2,28.0,0,0,0.0
4,4,8,4.5,1,0.0,4,8.0,1,0,0.285
5,1,8,4.0,1,0.5,11,10.0,1,0,0.36166666666666664
5,1,1,2.5,1,1.0,4,7.0,0,0,0.028333333333333335
4,0,4,3.5,2,0.5,4,5.0,0,0,0.26666666666666666
3,0,0,0.0,4,0.5,0,4.0,0,0,0.0
5,1,5,3.0,3,0.0,10,28.0,1,1,0.515
5,1,5,2.5,0,0.0,4,16.0,0,0,0.21666666666666667
2,2,0,0.0,0,0.0,0,8.0,0,0,0.0
5,5,11,5.5,2,0.5,7,25.0,1,0,0.145
1,0,0,0.0,3,0.0,0,1.0,0,0,0.0
4,2,4,1.0,1,0.0,0,25.0,1,0,0.40166666666666667
4,3,5,3.0,1,0.5,7,7.0,0,1,0.54
4,0,0,0.0,0,0.0,6,3.0,0,0,0.0
5,0,0,0.0,0,0.0,0,15.0,0,0,0.0
5,3,7,0.5,3,0.0,10,31.0,1,1,0.56
5,2,0,3.0,2,0.0,0,2.0,0,0,0.09166666666666667
5,5,3,5.5,1,0.5,3,26.0,0,0,0.07666666666666667
5,0,0,0.0,0,0.0,0,3.0,0,0,0.0
5,0,0,3.0,1,0.0,1,30.0,0,0,0.0
4,4,0,0.5,1,0.0,2,25.0,1,0,0.04
3,0,0,0.0,0,0.0,4,32.0,0,0,0.0
2,0,0,4.0,0,0.0,3,7.0,0,0,0.005
5,2,4,4.5,2,0.0,2,14.0,1,0,0.22999999999999998
5,0,1,1.0,1,0.0,0,3.0,0,0,0.0033333333333333335
5,4,4,4.0,0,0.0,2,30.0,0,0,0.12833333333333333
5,1,4,0.5,2,0.0,4,10.0,1,0,0.09500000000000001
5,0,3,3.0,1,0.0,2,6.0,0,0,0.065
4,1,3,6.0,4,0.0,6,13.0,1,0,0.27666666666666667
4,4,0,0.0,0,0.0,0,8.0,0,0,0.08833333333333333
5,5,4,8.5,2,0.0,5,21.0,0,0,0.2916666666666667
5,2,1,7.5,1,0.5,2,14.0,0,0,0.03833333333333334
1,0,0,0.0,1,0.0,3,15.0,0,0,0.0
5,2,1,7.0,2,0.0,3,1.0,0,0,0.31305555555555553
2,1,0,0.0,0,0.0,0,3.0,0,0,0.0
3,3,3,1.0,2,0.0,4,10.0,0,0,0.27666666666666667
5,3,4,3.0,2,0.0,3,13.0,0,1,0.6616666666666666
5,1,3,2.0,3,0.0,6,11.0,1,1,0.7133333333333333
4,0,4,1.0,1,0.0,3,10.0,0,0,0.011666666666666667
3,3,2,0.0,3,0.0,8,15.0,0,0,0.10666666666666667
2,1,3,0.0,2,0.0,0,25.0,0,0,0.0033333333333333335
3,3,0,1.5,3,0.0,2,16.0,0,0,0.006666666666666667
5,0,3,1.5,1,0.0,5,2.0,0,0,0.07430555555555556
1,0,0,0.0,0,0.0,4,25.0,0,0,0.0
4,3,3,4.0,3,1.0,8,2.0,0,1,0.6396666666666667
5,1,8,5.0,1,0.0,3,6.0,0,0,0.2333333333333333
4,1,0,0.0,2,0.5,4,5.0,0,0,0.0016666666666666668
3,1,0,1.0,0,0.0,0,13.0,0,0,0.0
4,0,0,0.0,1,0.0,0,2.0,0,0,0.0
4,1,6,5.5,2,0.5,9,14.0,1,0,0.30666666666666664
5,5,0,3.0,1,0.0,1,8.0,0,0,0.17154100529100527
4,2,5,0.0,2,0.0,2,1.0,1,0,0.44
5,2,1,4.0,1,0.5,2,10.0,0,0,0.255
4,0,0,0.0,0,0.5,2,31.0,0,0,0.0
3,0,3,1.5,2,0.0,1,28.0,0,0,0.013333333333333334
5,5,1,4.5,1,0.0,2,3.0,1,0,0.1996666666666667
5,0,0,3.0,1,0.0,1,8.0,0,0,0.0016666666666666668
4,1,1,0.0,4,1.0,0,6.0,0,0,0.015
5,4,4,7.5,2,0.0,7,27.0,0,0,0.4566666666666667
5,5,0,3.0,1,0.0,5,5.0,0,0,0.1791904761904762
5,5,2,4.0,1,0.0,4,6.0,0,1,0.5328611111111111
5,3,5,10.0,3,0.0,14,11.0,0,0,0.17833333333333332
5,5,4,5.0,3,1.0,5,15.0,1,0,0.18833333333333332
4,4,0,2.0,2,0.0,0,20.0,1,0,0.17488888888888887
5,2,2,4.5,1,0.0,3,14.0,1,0,0.23500000000000001
5,2,0,10.0,3,0.0,0,11.0,0,0,0.065
5,0,3,2.5,2,0.0,1,11.0,0,0,0.115
5,0,0,2.5,1,0.0,3,28.0,0,0,0.0
4,5,0,1.0,2,0.0,3,15.0,1,1,0.6862499999999999
3,0,0,1.5,1,0.0,3,12.0,0,0,0.0
5,1,6,1.0,1,0.0,7,2.0,1,0,0.2316666666666667
2,1,5,0.0,2,1.0,0,20.0,0,0,0.035
5,3,3,5.0,2,0.0,5,10.0,1,0,0.20999999999999996
5,5,0,5.0,1,1.0,2,23.0,0,0,0.1102123015873016
5,5,3,1.5,1,0.0,6,22.0,0,0,0.4666666666666666
5,0,2,5.5,0,0.0,3,7.0,1,0,0.10999999999999999
5,5,0,2.0,1,0.5,2,10.0,0,0,0.11166666666666668
5,5,5,3.5,1,1.0,6,25.0,0,0,0.06
5,5,2,2.0,1,0.0,4,12.0,0,0,0.33499999999999996
4,2,6,0.0,2,1.0,4,10.0,1,0,0.31666666666666665
5,4,4,4.0,1,0.5,5,3.0,0,0,0.3633333333333333
3,0,1,0.0,0,0.0,2,12.0,0,0,0.0
5,3,0,1.0,2,0.5,5,9.0,1,0,0.3433333333333333
4,2,2,3.0,0,0.5,4,36.0,0,0,0.21666666666666667
4,4,2,0.0,2,0.5,0,19.0,0,0,0.4383333333333333
5,0,0,0.0,2,1.0,2,20.0,0,0,0.0033333333333333335
4,1,0,0.0,2,0.5,0,15.0,0,0,0.0
5,1,1,4.5,2,1.0,1,5.0,1,0,0.10833333333333334
5,2,3,3.0,2,1.0,3,31.0,0,0,0.3933333333333333
5,1,3,1.0,2,0.0,0,54.0,0,0,0.15333333333333332
1,0,0,0.0,1,0.0,1,10.0,0,0,0.0
5,2,2,3.0,2,0.0,3,27.0,0,1,0.6183333333333333
5,5,8,5.5,3,0.5,5,14.0,1,0,0.31666666666666665
5,1,0,4.0,1,0.0,4,8.0,0,0,0.018333333333333333
5,1,1,4.5,3,1.0,7,29.0,0,0,0.24333333333333332
5,2,4,4.0,2,0.0,6,6.0,0,0,0.32666666666666666
4,3,0,2.0,3,0.0,0,13.0,0,0,0.21666666666666667
5,1,0,0.5,2,0.5,2,2.0,0,0,0.013333333333333334
5,2,0,2.5,4,0.0,4,1.0,0,0,0.36999999999999994
5,1,5,9.0,2,0.0,4,1.0,0,0,0.1516666666666667
5,4,6,2.0,2,1.0,6,4.0,1,0,0.25333333333333335
5,4,5,5.0,2,1.0,4,7.0,0,0,0.30666666666666664
5,5,5,7.5,3,1.0,7,5.0,0,0,0.105
4,2,0,1.0,1,0.0,3,4.0,0,0,0.008333333333333333
5,4,3,4.5,3,0.0,8,10.0,0,0,0.375
5,2,1,3.0,1,0.0,3,35.0,1,0,0.10999999999999999
5,1,4,10.0,3,0.0,1,2.0,0,0,0.07833333333333332
5,0,0,0.0,0,0.5,0,3.0,0,0,0.0
2,1,0,2.0,1,0.0,0,7.0,0,0,0.0
5,3,4,3.0,3,1.0,3,19.0,0,1,0.57
4,4,6,4.5,1,0.5,5,21.0,0,0,0.33666666666666667
4,4,1,1.0,1,0.5,3,33.0,1,0,0.25666666666666665
5,2,1,6.5,1,0.0,6,34.0,0,0,0.165
1,0,0,1.0,2,0.0,0,27.0,0,0,0.0
3,0,0,2.5,3,0.0,4,19.0,0,0,0.005
5,0,0,0.0,3,0.0,2,3.0,0,0,0.0033333333333333335
5,1,4,0.0,2,0.0,10,10.0,0,0,0.27999999999999997
5,1,1,0.0,1,0.0,2,3.0,0,0,0.008333333333333333
2,0,0,0.0,0,0.5,0,12.0,0,0,0.0
4,1,1,1.5,0,0.0,3,5.0,0,0,0.0033333333333333335
5,5,4,3.5,2,0.5,6,37.0,0,0,0.14166666666666666
5,0,3,3.5,3,0.5,2,8.0,0,0,0.49333333333333335
4,1,4,3.5,1,0.0,4,4.0,0,0,0.10666666666666667
4,4,0,0.0,1,0.0,0,2.0,0,0,0.10316666666666667
4,1,0,5.0,1,0.5,1,24.0,0,0,0.03333333333333333
1,0,0,0.0,2,0.0,5,15.0,0,0,0.0
3,0,0,2.5,3,0.5,0,2.0,0,0,0.0
4,2,6,3.0,2,0.0,9,2.0,0,0,0.4916666666666667
3,2,3,2.5,3,0.5,5,4.0,0,0,0.24
5,2,2,2.0,3,0.0,5,6.0,0,1,0.7383333333333333
5,4,0,1.0,1,0.0,0,45.0,0,0,0.2298888888888889
1,0,0,0.0,1,0.0,3,8.0,0,0,0.0
1,0,0,0.0,0,0.0,0,30.0,0,0,0.0
5,0,0,3.0,1,0.0,3,7.0,0,0,0.0
3,1,2,1.5,2,0.0,5,30.0,0,0,0.013333333333333334
4,3,0,3.0,2,0.5,4,20.0,0,0,0.4083333333333334
1,0,0,0.5,2,0.5,2,6.0,0,0,0.0
5,5,0,0.0,1,0.0,0,5.0,0,0,0.285
4,0,0,1.0,1,0.5,6,21.0,0,0,0.0
5,1,4,4.5,0,1.0,4,6.0,1,0,0.06333333333333334
5,5,4,6.5,3,0.5,4,18.0,0,0,0.26
5,1,2,4.5,2,0.0,2,22.0,0,0,0.37833333333333335
3,0,0,0.0,2,0.0,3,10.0,0,0,0.0
3,0,1,0.0,0,0.5,2,20.0,0,0,0.0
3,0,0,0.0,3,0.0,4,19.0,0,0,0.0
5,3,0,5.0,1,0.5,2,15.0,1,0,0.29611111111111105
5,5,11,7.0,1,1.0,7,11.0,0,1,0.5266666666666667
5,5,3,3.0,2,1.0,5,9.0,0,0,0.17833333333333334
5,0,0,0.0,0,0.0,0,10.0,0,0,0.0
5,3,8,7.0,0,0.0,1,12.0,0,0,0.21166666666666667
5,2,2,2.5,3,0.5,8,1.0,0,0,0.4583333333333333
4,0,3,3.0,1,0.0,1,14.0,0,0,0.013333333333333334
5,3,11,3.0,2,0.0,3,3.0,1,0,0.49666666666666665
5,4,12,9.5,1,0.0,10,32.0,0,0,0.018333333333333333
1,0,0,0.0,2,1.0,0,10.0,0,0,0.0
5,4,1,0.0,1,0.0,1,4.0,0,0,0.34
5,0,0,2.5,3,0.0,0,9.0,0,0,0.016666666666666666
5,0,1,2.0,2,0.0,2,9.0,0,0,0.008333333333333333
3,0,0,0.0,2,0.5,2,25.0,0,0,0.0
5,5,1,5.0,2,0.0,3,1.0,0,0,0.3405555555555555
5,3,12,2.0,1,0.0,6,7.0,0,0,0.16
5,5,0,6.0,3,1.0,0,18.0,0,0,0.1445
5,1,7,3.0,3,0.0,6,17.0,0,1,0.6133333333333334
4,1,0,0.0,4,0.0,6,35.0,0,0,0.0016666666666666668
5,5,0,0.0,1,1.0,0,2.0,0,0,0.37049603174603174
4,4,0,0.0,2,0.0,7,7.0,0,0,0.075
3,3,0,1.0,0,0.0,0,6.0,0,0,0.0033333333333333335
5,1,0,6.5,1,0.0,0,25.0,0,0,0.205
5,2,0,2.5,4,0.0,4,1.0,1,0,0.36999999999999994
5,2,2,3.0,1,0.0,2,15.0,0,0,0.22
5,5,8,10.0,1,0.0,5,40.0,0,0,0.13333333333333333
3,2,0,0.5,1,0.0,1,45.0,0,0,0.0
5,0,0,0.0,0,1.0,0,2.0,0,0,0.0
4,2,3,2.0,2,0.0,4,18.0,1,0,0.38666666666666666
4,0,0,0.0,2,0.0,0,25.0,0,0,0.0
4,2,4,4.5,1,0.0,3,2.0,0,0,0.39666666666666667
4,4,0,1.5,1,0.0,3,34.0,0,0,0.20166666666666666
3,2,0,2.0,2,0.0,0,7.0,0,0,0.0016666666666666668
4,0,0,1.0,2,0.5,2,1.0,0,0,0.0016666666666666668
5,3,4,5.5,2,0.0,7,17.0,0,0,0.295
5,0,2,0.0,2,0.0,2,10.0,0,0,0.0016666666666666668
5,0,0,6.0,1,0.5,4,6.0,0,0,0.015000000000000001
1,0,0,0.0,3,0.0,0,18.0,0,0,0.0
5,1,0,6.0,1,0.0,0,7.0,1,0,0.018333333333333337
4,0,0,1.0,1,0.0,1,14.0,0,0,0.0016666666666666668
3,2,0,4.0,1,0.0,1,25.0,0,0,0.01
4,2,0,0.0,1,0.5,3,1.0,0,0,0.021666666666666667
5,1,0,1.5,2,0.0,2,28.0,0,0,0.0
4,0,4,0.0,1,0.0,1,2.0,0,0,0.01
4,0,2,2.5,2,0.0,3,30.0,0,0,0.011666666666666665
5,1,1,2.0,3,0.5,2,15.0,0,0,0.023333333333333334
5,5,3,3.5,2,0.0,5,15.0,1,0,0.08111111111111112
4,1,2,0.0,2,0.0,0,5.0,0,0,0.018333333333333333
2,1,7,0.5,2,0.5,6,8.0,0,0,0.08
5,5,2,6.5,3,0.0,6,1.0,0,0,0.165
3,0,0,3.0,2,0.0,1,10.0,0,0,0.0016666666666666668
4,0,1,0.0,3,0.0,0,1.0,0,0,0.005
5,1,0,0.0,1,0.5,4,30.0,0,0,0.006666666666666667
5,2,0,1.5,1,0.0,2,22.0,0,0,0.013333333333333334
5,2,0,3.0,3,0.0,4,10.0,0,1,0.8166666666666668
4,1,5,4.5,3,0.5,3,2.0,0,0,0.36000000000000004
5,2,3,3.0,1,0.0,1,13.0,1,0,0.31
5,0,0,9.0,4,0.0,0,12.0,0,0,0.07166666666666667
5,5,0,8.0,1,0.0,0,5.0,0,0,0.0
3,3,0,3.0,1,0.0,0,3.0,0,0,0.12166666666666666
4,0,0,2.5,2,0.0,9,5.0,0,0,0.0033333333333333335
3,0,0,0.0,3,0.0,1,8.0,0,0,0.0
5,3,3,6.0,1,0.0,5,25.0,0,0,0.23569444444444443
5,5,2,3.5,1,0.5,4,6.0,0,0,0.21333333333333335
5,2,0,1.0,1,0.0,1,25.0,0,0,0.018333333333333333
5,5,12,8.0,4,0.5,7,10.0,0,0,0.10166666666666667
3,2,0,0.0,3,0.5,3,14.0,0,0,0.0
5,5,2,4.0,3,0.5,4,1.0,0,0,0.10833333333333334
5,5,6,4.5,4,1.0,6,12.0,0,0,0.37000000000000005
2,1,0,2.5,1,0.0,4,15.0,0,0,0.0
5,2,0,0.0,1,1.0,0,20.0,0,0,0.04833333333333334
5,1,0,0.0,1,0.5,0,1.0,0,0,0.0033333333333333335
4,2,0,5.0,3,0.0,4,14.0,1,0,0.30833333333333335
5,5,5,4.0,2,0.0,11,6.0,1,0,0.37166666666666665
5,5,2,2.5,2,0.0,3,25.0,1,0,0.3866666666666667
5,5,2,4.5,2,0.0,5,10.0,1,0,0.15666666666666665
4,0,2,2.0,2,0.0,1,19.0,0,0,0.005
4,0,0,0.0,2,0.0,0,15.0,0,0,0.0
5,5,3,6.5,1,1.0,1,12.0,0,0,0.15666666666666665
3,0,0,1.5,1,1.0,2,18.0,0,0,0.0
5,4,6,1.5,3,0.0,4,10.0,0,0,0.2333333333333333
5,0,2,4.0,2,1.0,3,1.0,0,0,0.10666666666666667
5,4,0,0.0,2,0.0,0,15.0,0,1,0.5843333333333334
5,5,3,5.0,1,0.0,6,7.0,0,0,0.125
5,1,7,8.0,2,0.0,3,5.0,1,0,0.20166666666666666
5,5,5,6.0,1,0.5,3,1.0,0,0,0.25
5,0,0,0.0,2,0.5,4,23.0,0,0,0.0016666666666666668
5,3,4,6.0,4,0.0,5,15.0,1,0,0.38999999999999996
5,5,4,5.5,2,0.5,3,12.0,0,0,0.15833333333333333
5,1,3,4.5,2,1.0,2,4.0,0,0,0.07666666666666666
3,1,1,0.0,1,0.5,2,20.0,0,0,0.0
5,5,0,6.5,1,0.0,1,51.0,0,0,0.07833333333333334
5,0,0,1.5,2,0.0,5,9.0,0,0,0.01
5,2,0,3.0,1,1.0,3,30.0,1,0,0.36000000000000004
5,4,4,1.5,0,0.0,5,11.0,0,0,0.19833333333333333
5,2,2,4.0,4,0.0,7,4.0,0,0,0.45166666666666666
3,1,0,1.0,2,0.0,3,20.0,0,0,0.0
5,4,4,3.0,1,0.0,7,9.0,0,0,0.33166666666666667
4,4,3,0.0,2,0.5,4,7.0,1,0,0.33
4,0,3,2.0,2,0.0,9,15.0,0,0,0.06166666666666667
3,3,0,1.0,1,0.0,0,13.0,0,0,0.0016666666666666668
3,0,5,3.5,1,0.0,1,20.0,0,0,0.13333333333333333
1,0,0,0.0,0,0.0,3,1.0,0,0,0.0
3,0,0,0.0,1,0.5,4,21.0,0,0,0.0
5,0,0,0.0,1,0.0,0,4.0,0,0,0.0
3,3,5,3.0,3,0.0,3,2.0,1,1,0.5566666666666666
4,0,0,1.5,2,0.0,3,37.0,0,0,0.0016666666666666668
1,0,0,0.0,2,0.0,0,7.0,0,0,0.0
5,5,2,2.5,3,0.0,4,10.0,0,0,0.4366666666666667
4,1,13,7.0,2,0.0,1,25.0,0,0,0.25333333333333335
5,5,0,1.0,3,0.5,1,3.0,0,0,0.36166666666666664
4,0,0,0.0,2,0.5,4,14.0,0,0,0.0
5,0,3,9.0,1,1.0,3,4.0,0,0,0.09500000000000001
5,0,0,2.0,2,0.5,0,7.0,0,0,0.006666666666666667
5,5,0,2.5,1,0.0,1,12.0,0,0,0.25822222222222224
5,1,0,0.5,1,0.5,1,43.0,0,0,0.011666666666666667
5,0,0,8.5,2,1.0,3,38.0,0,0,0.14333333333333334
4,5,6,2.0,1,0.0,5,3.0,1,0,0.45166666666666666
5,2,2,2.5,2,0.5,2,6.0,0,0,0.36000000000000004
5,0,0,0.0,0,0.0,0,25.0,0,0,0.0
5,0,3,2.5,3,0.0,0,30.0,0,0,0.145
5,1,3,5.5,2,0.0,4,25.0,0,0,0.40666666666666673
4,1,6,1.0,1,0.0,6,30.0,1,0,0.19333333333333336
5,5,0,8.0,1,0.0,0,3.0,0,0,0.0033333333333333335
2,0,0,1.5,1,0.5,2,13.0,0,0,0.0
3,3,0,1.0,1,0.0,3,30.0,0,0,0.0033333333333333335
5,5,2,2.0,2,0.5,1,6.0,1,0,0.14333333333333334
1,0,0,0.0,3,0.0,0,10.0,0,0,0.0
4,0,3,2.0,3,0.0,4,12.0,0,0,0.023333333333333334
5,5,8,5.0,2,0.0,4,25.0,1,0,0.15666666666666665
2,5,0,2.5,1,0.5,0,3.0,0,0,0.11833333333333333
5,5,0,2.0,1,0.0,2,25.0,0,0,0.31888888888888883
4,2,0,2.5,1,0.0,2,12.0,0,0,0.03333333333333333
5,0,1,1.5,1,1.0,4,15.0,0,0,0.016666666666666666
5,2,0,4.0,1,0.0,1,10.0,0,0,0.4566666666666667
3,0,0,1.5,2,0.0,2,35.0,0,0,0.0016666666666666668
5,1,8,6.0,0,0.0,2,19.0,0,0,0.29833333333333334
5,5,0,0.0,2,0.0,2,20.0,1,1,0.5066666666666667
4,0,0,0.0,3,0.0,0,40.0,0,0,0.005
3,1,0,0.5,1,0.5,8,25.0,0,0,0.0033333333333333335
5,4,13,4.0,1,0.5,9,29.0,0,0,0.2583333333333333
5,1,1,0.0,2,0.0,3,9.0,0,0,0.0016666666666666668
1,0,0,0.0,1,0.0,3,9.0,0,0,0.0
5,5,0,4.0,1,0.0,2,8.0,0,0,0.11055555555555556
5,0,0,0.0,1,0.0,1,31.0,0,0,0.0
3,0,0,1.0,0,0.0,2,15.0,0,0,0.0
5,4,0,0.0,1,0.0,0,10.0,0,0,0.16666666666666666
1,0,0,0.0,2,0.0,4,11.0,0,0,0.0
5,0,7,4.0,0,0.0,4,31.0,0,0,0.205
5,5,7,10.0,0,0.5,3,1.0,0,0,0.06166666666666667
5,0,0,2.0,2,1.0,0,21.0,0,0,0.006666666666666667
5,3,5,3.0,2,0.0,2,25.0,1,0,0.30666666666666664
5,5,6,4.0,0,0.0,1,1.0,0,0,0.2866666666666666
5,2,3,2.5,1,0.0,1,18.0,0,0,0.28833333333333333
5,5,0,8.0,2,1.0,4,15.0,0,0,0.06166666666666667
5,0,1,3.5,1,0.5,1,15.0,0,0,0.013333333333333334
3,3,0,0.0,2,0.0,2,20.0,0,0,0.0016666666666666668
4,0,3,2.0,3,0.5,4,12.0,0,0,0.018333333333333333
5,3,8,3.5,3,0.0,7,8.0,0,0,0.48500000000000004
5,3,0,3.0,2,0.0,1,15.0,0,0,0.45555555555555555
5,1,0,0.0,1,0.0,2,28.0,0,0,0.0
4,4,3,2.5,2,1.0,3,12.0,1,0,0.4583333333333333
4,0,0,4.0,3,0.0,6,25.0,0,0,0.021666666666666667
5,0,0,5.5,1,0.0,3,10.0,0,0,0.021666666666666667
4,0,0,0.0,0,0.0,0,12.0,0,0,0.0
5,5,0,2.5,1,0.0,2,28.0,1,0,0.18500000000000003
5,1,0,2.0,1,0.0,1,10.0,0,0,0.0016666666666666668
5,5,11,2.0,2,0.0,7,6.0,1,0,0.4066666666666667
3,3,0,2.0,2,0.5,2,9.0,0,0,0.011666666666666667
5,4,0,3.0,1,1.0,5,9.0,0,0,0.18041666666666667
4,0,0,3.5,2,0.0,1,9.0,0,0,0.0016666666666666668
4,1,0,2.5,2,0.0,0,28.0,0,0,0.015
5,0,0,3.5,1,0.0,4,3.0,0,0,0.0
4,0,0,0.5,2,0.0,2,42.0,0,0,0.0016666666666666668
4,0,2,4.5,2,0.0,3,28.0,0,0,0.125
4,0,0,3.0,1,0.0,3,11.0,0,0,0.0016666666666666668
4,0,2,2.0,2,0.0,3,5.0,0,0,0.0
4,2,0,2.0,1,0.0,2,1.0,0,0,0.165
5,1,4,2.5,1,1.0,2,5.0,1,0,0.3866666666666667
5,5,0,3.5,2,0.0,2,10.0,0,0,0.16833333333333333
5,4,0,0.0,2,0.5,3,2.0,0,0,0.2916666666666667
4,2,1,3.0,3,0.0,4,23.0,0,0,0.48
5,5,7,10.0,1,0.0,2,25.0,0,0,0.035
5,0,0,0.0,0,0.0,0,1.0,0,0,0.0
3,3,0,0.0,4,0.0,0,20.0,0,0,0.013333333333333334
5,2,2,2.5,3,0.0,1,3.0,1,0,0.26666666666666666
1,0,2,0.0,2,0.0,4,10.0,0,0,0.0
3,0,2,1.5,2,0.0,5,11.0,0,0,0.005
5,4,0,4.5,1,0.5,8,1.0,0,0,0.21166666666666667
2,0,0,0.0,0,0.0,1,10.0,0,0,0.0
5,1,3,10.0,1,0.0,2,20.0,0,0,0.018333333333333333
4,2,0,2.5,0,0.0,1,6.0,0,0,0.03333333333333333
5,3,6,4.5,2,1.0,9,15.0,0,0,0.32666666666666666
5,1,4,6.0,2,0.0,6,23.0,0,0,0.24166666666666667
4,0,0,0.0,0,0.0,6,6.0,0,0,0.0
4,0,0,0.0,0,0.0,0,5.0,0,0,0.0
5,1,10,0.0,1,0.0,6,10.0,1,0,0.3233333333333333
4,1,2,3.5,3,0.0,4,10.0,0,0,0.10333333333333333
4,0,0,0.5,2,0.0,4,12.0,0,0,0.0
5,3,0,5.0,1,0.0,0,2.0,0,0,0.2933333333333334
4,0,0,0.5,1,0.0,4,33.0,0,0,0.0
4,0,7,1.0,1,0.0,4,5.0,0,0,0.22666666666666668
5,2,0,1.5,2,0.0,0,15.0,0,0,0.011111111111111112
5,0,1,4.0,3,0.0,2,4.0,0,0,0.06833333333333334
3,2,1,0.0,2,0.0,3,28.0,0,0,0.005
1,0,0,0.0,1,0.0,0,35.0,0,0,0.0
5,1,10,6.0,4,1.0,4,1.0,0,0,0.2583333333333333
5,5,4,0.0,0,0.0,3,22.0,0,0,0.27666666666666667
5,2,0,1.5,1,0.5,6,12.0,0,0,0.04833333333333334
5,0,5,5.0,1,0.0,1,18.0,0,0,0.3016666666666667
5,0,0,0.0,0,0.0,0,3.0,0,0,0.0
4,0,0,3.0,2,0.0,4,1.0,0,0,0.0033333333333333335
4,4,6,1.5,3,0.5,4,20.0,1,1,0.6983333333333333
3,0,1,0.0,3,0.0,4,6.0,0,0,0.0
3,2,3,0.5,4,0.0,2,30.0,0,0,0.08666666666666667
4,2,0,1.5,2,0.5,0,13.0,0,0,0.0175
4,4,2,3.0,4,0.5,0,25.0,1,1,0.6627777777777778
5,0,0,0.0,0,1.0,0,25.0,0,0,0.0
4,0,0,2.5,2,0.5,0,16.0,0,0,0.0
5,4,8,5.5,1,0.0,5,11.0,0,0,0.21666666666666667
5,5,3,7.0,4,1.0,1,10.0,0,0,0.25333333333333335
3,1,7,1.0,1,0.0,2,20.0,0,0,0.10833333333333334
3,3,2,1.0,1,0.0,0,10.0,0,0,0.05499999999999999
5,5,0,2.5,1,1.0,0,5.0,0,0,0.2720833333333333
5,0,7,7.0,3,0.0,4,2.0,0,0,0.37166666666666665
5,4,0,3.5,1,0.0,1,8.0,0,0,0.14083333333333334
5,0,0,4.5,1,1.0,0,35.0,0,0,0.049999999999999996
5,5,5,4.5,3,0.0,8,2.0,0,0,0.375
1,0,0,0.0,2,0.0,1,1.0,0,0,0.0
5,5,7,4.0,1,0.0,5,22.0,0,0,0.135
5,0,2,5.0,1,0.5,2,3.0,1,0,0.39833333333333326
2,2,3,0.0,1,0.0,10,12.0,0,0,0.07166666666666666
4,3,0,0.0,1,0.5,0,4.0,0,0,0.005
3,0,0,0.5,3,1.0,1,1.0,0,0,0.0
3,0,1,0.0,1,0.0,4,6.0,0,0,0.0
5,5,4,4.5,2,0.0,5,8.0,1,0,0.22333333333333336
3,0,0,0.5,0,0.0,4,21.0,0,0,0.0
5,3,5,5.5,2,0.0,4,5.0,1,0,0.3264444444444445
5,1,2,2.5,0,0.0,2,27.0,0,0,0.12333333333333334
3,0,2,0.0,0,0.5,3,30.0,0,0,0.0
5,0,0,1.0,1,0.0,2,21.0,0,0,0.0033333333333333335
5,2,3,3.5,2,0.0,1,17.0,0,0,0.2916666666666667
5,5,2,6.5,1,0.0,4,10.0,0,0,0.12
1,0,0,0.0,2,0.5,0,8.0,0,0,0.0
5,4,0,0.0,0,1.0,0,13.0,0,0,0.16833333333333333
5,5,4,4.0,1,1.0,1,20.0,0,0,0.11166666666666665
5,0,1,2.0,1,0.0,0,3.0,0,0,0.008333333333333333
5,4,3,2.5,1,0.0,2,12.0,0,0,0.29833333333333334
5,0,0,2.0,2,0.0,5,1.0,0,0,0.0016666666666666668
5,5,4,7.5,2,0.5,5,20.0,1,0,0.27999999999999997
4,3,0,2.0,2,0.0,1,18.0,0,0,0.1411111111111111
5,1,0,0.0,2,1.0,1,14.0,0,0,0.005
4,5,1,0.0,0,0.5,0,20.0,0,0,0.205
3,0,0,0.0,0,0.0,0,30.0,0,0,0.0
5,0,2,4.5,2,0.0,4,2.0,1,0,0.10333333333333333
4,0,0,1.5,2,0.0,4,15.0,0,0,0.0016666666666666668
4,0,0,3.5,1,0.5,2,21.0,0,0,0.005
1,0,0,0.0,0,0.0,0,14.0,0,0,0.0
5,0,0,0.0,0,0.0,0,7.0,0,0,0.0
5,5,6,6.0,2,0.0,4,2.0,0,0,0.21166666666666667
4,0,0,4.0,1,0.0,0,6.0,0,0,0.0033333333333333335
4,4,0,1.0,2,1.0,5,2.0,1,1,0.5154166666666667
4,2,0,0.0,1,0.0,7,18.0,0,0,0.03
5,2,1,4.0,2,0.5,3,5.0,0,0,0.20333333333333337
4,0,4,1.5,2,0.5,3,3.0,0,0,0.041666666666666664
5,5,0,10.0,1,1.0,0,28.0,0,0,0.028333333333333332
4,0,0,3.5,2,0.0,0,10.0,0,0,0.0
5,4,0,3.0,2,1.0,6,12.0,0,0,0.26333333333333336
5,1,5,2.0,2,1.0,3,15.0,0,0,0.27166666666666667
4,2,1,2.5,1,0.0,3,4.0,0,0,0.06055555555555555
5,0,1,0.0,1,0.5,3,25.0,0,0,0.0016666666666666668
5,1,4,0.0,2,0.0,4,1.0,0,0,0.23305555555555554
1,0,0,0.5,1,0.0,0,4.0,0,0,0.0
3,0,0,0.0,1,1.0,0,35.0,0,0,0.0
5,3,8,5.0,2,0.5,4,2.0,0,0,0.2275
5,0,3,4.0,1,0.0,3,30.0,1,0,0.08333333333333333
2,0,0,0.0,0,0.5,0,30.0,0,0,0.0
4,0,0,0.0,0,0.0,0,3.0,0,0,0.0
3,3,6,6.5,2,0.0,6,14.0,0,1,0.745
5,5,0,6.0,2,0.0,5,8.0,1,0,0.06833333333333334
4,4,2,0.0,1,0.5,2,18.0,1,0,0.18833333333333332
1,0,0,0.0,2,1.0,1,15.0,0,0,0.0
4,4,1,0.0,1,0.5,3,10.0,0,0,0.4083333333333334
5,0,0,4.5,1,0.0,2,30.0,0,0,0.013333333333333334
4,1,4,0.5,1,0.0,3,16.0,0,0,0.008333333333333333
5,4,6,3.5,0,0.0,3,15.0,1,0,0.33166666666666667
5,0,0,2.5,2,0.0,5,26.0,0,0,0.0033333333333333335
5,0,1,0.0,1,0.0,3,26.0,0,0,0.005
4,4,0,0.0,0,0.0,4,12.0,0,0,0.20833333333333334
2,3,0,0.0,1,0.0,5,25.0,0,0,0.0033333333333333335
5,3,4,3.0,3,1.0,5,10.0,1,0,0.47
5,3,6,1.0,3,0.5,6,7.0,1,0,0.4883333333333333
5,2,2,4.0,1,0.0,3,8.0,0,0,0.08611111111111112
3,3,0,1.0,1,0.0,5,32.0,0,0,0.005
5,0,13,1.5,3,0.0,9,5.0,1,1,0.5666666666666668
4,0,0,0.0,1,0.0,4,26.0,0,0,0.0
1,0,0,0.0,0,0.0,2,25.0,0,0,0.0
3,0,0,0.0,1,0.0,0,3.0,0,0,0.0
5,5,0,8.0,1,0.0,4,19.0,0,0,0.041666666666666664
5,0,8,2.5,3,0.0,5,1.0,0,1,0.5216666666666667
5,1,3,4.0,1,1.0,4,24.0,0,0,0.13208333333333333
5,1,1,4.5,1,0.0,4,1.0,0,0,0.325
5,5,7,10.0,1,0.0,3,7.0,0,0,0.0033333333333333335
1,0,0,0.0,2,0.5,3,1.0,0,0,0.0
4,1,3,2.5,1,0.0,0,5.0,0,0,0.09333333333333334
3,2,0,0.0,2,0.0,4,35.0,0,0,0.0
5,1,1,2.5,1,0.0,3,34.0,0,0,0.065
5,5,0,2.5,2,1.0,6,5.0,0,0,0.21166666666666667
5,2,0,8.5,1,0.0,3,6.0,0,0,0.051666666666666666
5,2,2,2.5,1,0.0,3,28.0,1,0,0.3166666666666667
5,3,0,2.5,0,1.0,0,22.0,0,0,0.2233333333333333
4,1,0,4.0,1,1.0,0,9.0,0,0,0.011666666666666667
5,2,6,1.5,1,0.0,6,25.0,0,0,0.09833333333333333
5,2,2,3.0,1,0.0,3,35.0,0,0,0.11333333333333334
5,2,2,5.0,2,0.0,1,34.0,0,0,0.2966666666666667
4,0,0,0.0,2,0.0,0,4.0,0,0,0.0
5,0,0,5.0,2,0.5,0,16.0,0,0,0.043333333333333335
3,0,0,1.5,1,0.0,1,15.0,0,0,0.0
5,1,3,3.0,1,0.5,4,14.0,1,0,0.12000000000000001
2,2,0,0.0,1,0.0,2,13.0,0,0,0.0
5,1,9,9.5,2,0.0,2,7.0,0,0,0.15166666666666667
4,1,0,0.0,3,0.0,5,15.0,0,0,0.0
5,5,5,3.5,2,0.5,4,14.0,0,0,0.225
5,5,0,2.5,1,0.0,5,14.0,0,0,0.3179444444444445
4,2,0,0.5,3,0.5,0,4.0,0,0,0.01
5,5,2,2.5,1,0.5,2,11.0,0,0,0.3466666666666667
5,5,1,6.0,4,0.5,1,24.0,0,0,0.34166666666666673
4,3,1,2.5,2,0.5,2,3.0,1,1,0.5549999999999999
5,1,5,4.5,2,0.0,4,10.0,1,0,0.19000000000000003
5,5,1,8.0,1,1.0,4,10.0,0,0,0.005
3,5,0,2.5,1,1.0,0,2.0,0,0,0.2702777777777778
5,4,7,2.5,1,1.0,3,20.0,1,0,0.16
5,5,5,7.0,3,1.0,4,7.0,0,0,0.11499999999999999
5,1,0,0.0,1,0.5,0,22.0,0,0,0.0016666666666666668
5,5,3,1.5,3,0.0,3,12.0,1,0,0.45999999999999996
2,1,0,0.0,1,1.0,1,17.0,0,0,0.0
5,1,3,4.5,1,0.0,4,5.0,0,0,0.11
4,4,2,0.0,2,1.0,1,30.0,1,1,0.66
5,2,0,6.0,3,0.0,3,4.0,0,0,0.3666666666666667
5,1,6,4.0,1,0.0,2,34.0,0,0,0.2816666666666667
2,1,0,9.0,1,0.0,2,42.0,0,0,0.04666666666666667
5,5,0,2.0,1,0.0,3,30.0,0,0,0.085
4,2,3,2.0,1,0.0,3,28.0,1,0,0.3316666666666667
5,5,3,5.5,1,0.0,6,15.0,0,0,0.13333333333333333
5,2,6,2.0,2,0.0,3,4.0,1,0,0.49
5,2,2,1.0,2,0.0,5,28.0,1,0,0.15333333333333332
5,0,5,2.0,2,0.5,6,33.0,0,0,0.3216666666666667
5,1,2,8.5,0,0.0,3,30.0,0,0,0.043333333333333335
5,1,7,4.5,0,1.0,4,5.0,0,0,0.19333333333333336
5,0,1,0.0,3,0.0,0,5.0,0,0,0.005
5,3,6,0.0,2,0.5,2,5.0,1,1,0.595
4,0,0,3.0,2,0.5,3,12.0,0,0,0.0
4,2,0,2.0,1,0.0,3,32.0,0,0,0.018333333333333333
5,5,7,8.5,1,0.0,4,33.0,0,0,0.07333333333333335
3,2,1,0.0,1,0.0,5,28.0,0,0,0.005
5,3,4,3.5,1,0.0,1,12.0,0,0,0.24833333333333332
5,1,0,5.0,2,0.0,1,10.0,0,0,0.16
5,3,0,0.0,1,0.5,0,6.0,0,0,0.01
3,5,1,0.0,0,0.0,4,5.0,1,0,0.22666666666666666
4,3,7,4.5,2,0.5,0,15.0,0,0,0.295
5,0,3,4.0,1,1.0,3,7.0,0,0,0.13833333333333334
5,2,0,7.0,2,0.0,4,18.0,0,0,0.31833333333333336
5,2,3,1.5,1,0.5,2,17.0,0,0,0.4633333333333333
5,0,9,4.0,2,1.0,5,9.0,0,0,0.37166666666666665
5,0,0,4.5,2,0.0,3,2.0,0,0,0.049999999999999996
3,0,3,0.0,3,0.0,0,8.0,0,0,0.006666666666666667
5,0,2,3.5,2,0.0,3,10.0,0,0,0.05833333333333333
5,4,0,9.0,3,0.5,1,1.0,0,0,0.155
4,0,0,0.0,0,1.0,8,3.0,0,0,0.0016666666666666668
5,0,0,1.0,1,1.0,4,3.0,0,0,0.005
5,2,3,7.5,2,0.0,5,4.0,0,0,0.22833333333333336
5,2,1,2.5,1,0.0,1,17.0,0,0,0.47333333333333333
5,4,0,0.5,1,0.0,1,4.0,0,0,0.3666666666666667
1,0,0,0.0,1,0.0,0,2.0,0,0,0.0
5,5,6,6.0,4,1.0,4,8.0,0,0,0.26833333333333337
4,0,7,0.0,0,0.0,7,3.0,0,0,0.11833333333333333
4,2,4,1.0,2,0.5,5,30.0,1,0,0.45
5,1,5,3.0,2,0.0,8,3.0,0,1,0.7318253968253968
1,0,0,0.0,2,0.0,2,2.0,0,0,0.0
4,1,5,0.0,2,0.0,2,35.0,0,0,0.15166666666666664
1,0,0,0.0,2,1.0,1,28.0,0,0,0.0
5,5,8,7.5,3,0.0,11,10.0,0,0,0.19666666666666668
5,4,1,1.0,2,0.0,4,20.0,0,1,0.5983333333333333
3,3,1,2.0,0,0.5,3,48.0,0,0,0.045000000000000005
5,5,1,2.5,3,1.0,3,11.0,0,0,0.3783333333333334
5,1,0,1.5,1,0.0,0,2.0,0,0,0.0033333333333333335
5,5,3,5.5,1,0.0,5,11.0,0,0,0.14
5,0,1,0.0,2,1.0,1,5.0,0,0,0.005
5,5,0,8.0,1,1.0,1,7.0,1,0,0.006666666666666667
1,0,1,0.0,4,0.0,10,19.0,0,0,0.006666666666666667
1,0,0,0.0,1,0.0,1,3.0,0,0,0.0
5,5,12,6.0,1,0.5,5,3.0,0,0,0.04666666666666667
4,3,0,1.5,3,0.0,3,8.0,0,0,0.24333333333333332
4,0,2,4.0,2,0.5,1,9.0,0,0,0.015
4,0,0,1.0,2,0.0,0,35.0,0,0,0.0
5,2,0,10.0,1,0.5,5,11.0,0,0,0.021666666666666667
5,5,0,10.0,1,0.0,0,5.0,0,0,0.0
5,1,4,3.5,3,1.0,4,1.0,0,0,0.2833333333333334
3,0,3,0.5,1,0.0,6,9.0,0,0,0.0033333333333333335
5,0,4,3.5,2,0.5,1,13.0,1,1,0.5466666666666667
2,0,1,0.0,0,0.0,2,37.0,0,0,0.0
5,2,7,1.0,2,0.0,3,3.0,1,0,0.29666666666666663
5,2,2,1.5,3,0.0,2,19.0,1,1,0.535
5,1,1,2.0,0,1.0,2,25.0,0,0,0.008333333333333333
4,0,0,4.5,3,0.5,0,18.0,0,0,0.021666666666666667
3,2,4,4.5,1,0.0,4,14.0,0,1,0.555
3,0,0,0.0,1,1.0,1,17.0,0,0,0.0
5,4,1,0.0,1,1.0,1,3.0,0,0,0.27166666666666667
5,1,1,3.5,3,0.0,1,8.0,0,0,0.12333333333333334
4,4,0,2.0,1,0.0,0,5.0,1,0,0.3328888888888889
4,2,2,3.5,1,0.5,3,20.0,1,0,0.135
5,1,2,2.5,3,0.5,3,8.0,0,0,0.46
5,4,3,2.0,1,0.0,2,20.0,1,1,0.6566666666666666
5,1,1,6.0,3,0.0,4,3.0,0,0,0.42333333333333334
3,0,0,0.5,0,0.0,1,2.0,0,0,0.0
5,4,10,4.5,1,0.0,5,33.0,0,0,0.11333333333333333
5,0,0,4.0,2,0.5,3,25.0,0,0,0.018333333333333333
5,0,6,5.0,2,0.0,5,9.0,1,0,0.3583333333333334
5,2,1,3.5,3,0.0,2,4.0,0,0,0.43166666666666664
5,0,0,0.0,0,0.5,0,20.0,0,0,0.0
3,3,0,0.0,2,1.0,1,16.0,0,0,0.0
5,0,1,0.0,2,0.0,1,3.0,0,0,0.0
5,5,6,6.0,2,0.0,3,11.0,1,0,0.19666666666666668
5,5,1,3.0,3,1.0,7,21.0,1,0,0.26333333333333336
5,5,4,0.0,2,1.0,0,20.0,1,0,0.27499999999999997
1,0,1,1.0,2,0.0,5,7.0,0,0,0.0
5,2,0,8.0,1,0.0,0,4.0,0,0,0.19999999999999998
4,0,4,1.5,3,0.0,1,19.0,0,0,0.05333333333333334
4,0,1,2.5,2,0.0,7,3.0,0,0,0.0033333333333333335
4,4,8,5.5,1,0.0,5,24.0,1,0,0.41
3,0,1,0.0,2,0.0,3,3.0,0,0,0.0016666666666666668
5,0,3,3.0,2,0.0,1,2.0,0,0,0.02
5,1,7,7.0,3,1.0,2,5.0,0,0,0.12000000000000001
1,1,2,2.0,2,0.0,0,45.0,0,0,0.011666666666666665
5,2,0,3.0,1,0.0,3,3.0,1,1,0.6072222222222222
5,1,0,2.0,1,0.5,3,16.0,0,0,0.0033333333333333335
5,4,2,0.0,1,0.0,2,3.0,0,0,0.49333333333333335
3,2,0,2.0,2,0.0,7,9.0,0,0,0.0
5,0,4,0.0,0,0.0,0,22.0,0,0,0.005
4,0,0,2.0,2,1.0,0,14.0,0,0,0.005
1,0,0,1.0,2,0.5,1,10.0,0,0,0.0
5,5,3,10.0,0,1.0,4,14.0,0,0,0.006666666666666667
1,0,0,0.0,0,0.0,0,8.0,0,0,0.0
2,3,1,0.5,2,0.0,5,15.0,0,0,0.005
5,0,1,2.5,3,1.0,2,5.0,0,0,0.008333333333333333
5,1,5,7.0,1,1.0,2,6.0,0,0,0.06
5,5,9,6.0,2,0.0,8,10.0,0,0,0.27666666666666667
5,2,3,5.5,4,0.0,6,1.0,0,0,0.315
5,1,4,0.0,0,0.0,7,5.0,0,0,0.08833333333333333
5,0,0,2.0,1,0.0,0,3.0,0,0,0.0
1,0,1,0.0,4,0.0,3,4.0,0,0,0.0
4,0,1,2.0,1,0.0,6,1.0,0,0,0.008333333333333333
5,4,0,2.0,2,0.5,0,12.0,0,0,0.2691666666666667
5,2,2,4.0,1,0.5,1,6.0,1,0,0.10166666666666667
4,2,1,2.5,0,0.0,3,7.0,0,0,0.054138888888888896
5,1,0,3.5,1,0.0,3,15.0,0,0,0.02666666666666667
5,3,8,4.0,1,0.0,5,44.0,0,0,0.22833333333333336
5,1,6,6.5,1,0.5,6,6.0,0,0,0.10166666666666667
4,0,5,2.0,1,0.5,0,2.0,0,0,0.085
5,0,2,0.0,2,0.5,1,4.0,0,0,0.005
5,3,0,4.0,0,0.5,0,10.0,0,0,0.11166666666666665
1,0,0,0.0,1,0.5,0,20.0,0,0,0.0
5,3,4,3.0,3,0.5,6,15.0,1,1,0.6016666666666666
2,1,4,2.0,1,0.5,5,7.0,0,0,0.03666666666666667
2,0,0,0.0,0,0.0,0,16.0,0,0,0.0
2,1,0,3.5,4,0.5,5,2.0,0,0,0.005
5,0,0,0.0,0,1.0,0,2.0,0,0,0.0
1,3,0,0.5,2,0.0,1,15.0,0,0,0.008333333333333333
4,2,0,0.5,1,0.0,1,30.0,0,0,0.0
5,5,0,5.5,3,0.5,5,30.0,0,0,0.3983333333333334
2,1,0,0.0,1,0.5,2,28.0,0,0,0.0
5,0,0,3.0,2,0.0,4,6.0,0,0,0.011666666666666667
4,5,0,0.0,2,0.0,3,6.0,0,0,0.3116666666666667
1,0,0,0.0,1,0.0,5,20.0,0,0,0.0
4,3,0,0.5,3,0.5,0,1.0,0,0,0.085
5,5,6,8.0,3,1.0,8,2.0,0,0,0.1366666666666667
1,0,0,0.0,0,0.0,1,9.0,0,0,0.0
5,2,3,2.5,2,0.0,2,5.0,1,1,0.7355555555555555
5,1,8,6.0,1,0.0,8,33.0,1,0,0.19000000000000003
5,1,1,6.0,2,0.0,9,5.0,0,0,0.125
1,0,0,0.0,1,0.0,0,20.0,0,0,0.0
5,2,0,3.0,2,0.0,4,29.0,1,1,0.6016666666666667
1,0,1,0.0,2,0.5,4,25.0,0,0,0.0
5,2,2,3.5,3,0.5,4,10.0,0,1,0.6233333333333333
5,0,0,0.0,0,0.0,0,7.0,0,0,0.0
5,5,8,5.0,2,0.0,5,7.0,0,0,0.2333333333333333
5,0,6,5.0,4,0.5,2,4.0,0,0,0.36166666666666664
5,1,4,4.5,2,0.0,7,10.0,0,1,0.5016666666666667
5,2,0,3.0,1,0.5,3,16.0,0,0,0.2783333333333333
4,1,1,4.5,1,0.0,6,30.0,0,0,0.04666666666666667
4,1,0,1.0,1,0.5,0,18.0,0,0,0.0033333333333333335
4,5,0,2.5,1,0.5,0,9.0,0,0,0.3461111111111111
5,4,1,3.0,5,0.0,3,10.0,0,0,0.44333333333333336
5,0,0,2.0,1,0.0,7,21.0,0,0,0.0033333333333333335
3,0,0,0.0,1,0.0,2,6.0,0,0,0.0
5,1,7,7.5,2,1.0,6,6.0,0,0,0.21333333333333335
5,5,0,7.0,1,0.5,0,8.0,0,0,0.041111111111111105
2,0,0,1.5,0,0.0,0,24.0,0,0,0.0016666666666666668
5,2,1,4.5,2,1.0,7,20.0,0,0,0.40166666666666667
5,2,4,6.5,2,0.0,4,15.0,0,0,0.32
5,5,3,6.0,4,0.5,4,11.0,1,0,0.36966666666666664
5,5,3,6.0,2,0.5,3,12.0,0,0,0.22999999999999998
3,0,4,1.5,3,1.0,4,7.0,0,0,0.013333333333333334
5,1,0,1.0,2,0.0,3,36.0,0,0,0.01
3,0,0,1.0,3,0.5,4,7.0,0,0,0.0
5,5,1,4.5,2,0.0,2,10.0,0,0,0.21666666666666667
1,0,0,0.0,1,0.0,3,9.0,0,0,0.0
4,0,3,0.0,1,0.5,3,10.0,0,0,0.0
4,0,0,2.0,3,0.0,2,2.0,0,0,0.0
5,1,3,3.5,3,0.5,5,15.0,1,0,0.3633333333333333
3,2,0,5.5,1,1.0,2,28.0,0,0,0.105
5,5,2,5.5,1,1.0,5,24.0,0,0,0.07333333333333335
4,0,0,0.5,2,0.5,5,8.0,0,0,0.0016666666666666668
5,0,0,7.5,2,0.0,0,2.0,0,0,0.305
4,0,1,1.0,2,0.0,0,2.0,0,0,0.005
4,1,2,3.5,3,1.0,7,2.0,0,0,0.1416666666666667
5,1,3,2.0,2,0.0,2,20.0,0,0,0.385
4,4,3,2.0,2,0.5,4,16.0,1,0,0.44
4,2,9,4.0,1,0.0,1,20.0,1,0,0.4066666666666667
5,5,7,8.0,3,0.0,6,15.0,0,0,0.06333333333333334
4,1,4,1.0,2,0.0,6,35.0,0,0,0.055
4,0,2,1.5,2,0.0,3,25.0,0,0,0.006666666666666667
4,4,0,3.0,2,0.0,2,38.0,1,1,0.5316666666666666
5,1,0,0.0,3,1.0,2,1.0,0,0,0.03
5,5,2,5.0,2,0.0,4,15.0,0,0,0.055833333333333325
1,0,0,0.0,0,0.0,0,42.0,0,0,0.0
5,3,5,6.0,2,0.0,2,3.0,0,0,0.2766666666666666
5,4,2,10.0,1,1.0,1,30.0,0,0,0.051666666666666666
5,5,6,1.0,2,0.0,2,11.0,0,0,0.445
5,5,4,8.0,2,1.0,3,12.0,0,0,0.17833333333333334
4,4,5,5.5,2,0.0,5,15.0,0,1,0.5683333333333334
1,0,8,0.5,2,0.0,5,5.0,0,0,0.04666666666666667
5,2,3,0.0,1,0.0,6,10.0,0,0,0.27
5,5,3,5.0,1,0.0,6,25.0,0,0,0.06666666666666667
5,4,7,0.0,2,0.0,1,23.0,1,0,0.3466666666666667
5,2,0,1.0,3,0.5,0,4.0,0,0,0.07
3,1,0,0.0,2,0.5,2,1.0,0,0,0.0
5,1,0,2.5,2,0.0,4,20.0,0,0,0.005
5,2,0,3.0,3,0.5,5,20.0,0,1,0.6083333333333334
5,3,5,6.0,1,0.0,1,9.0,1,0,0.155
5,1,3,5.5,0,0.0,0,44.0,0,0,0.20666666666666667
1,0,0,0.0,2,0.0,0,26.0,0,0,0.0
5,5,4,6.5,1,0.0,2,2.0,0,0,0.06
5,2,7,4.5,4,1.0,4,5.0,0,0,0.465
5,1,0,6.0,1,0.5,4,16.0,0,0,0.19833333333333333
5,5,0,4.0,2,0.0,3,28.0,0,0,0.3066666666666667
3,0,0,1.0,1,0.0,2,13.0,0,0,0.0
5,0,0,0.0,0,0.0,0,15.0,0,0,0.0
5,1,4,2.5,1,0.0,7,26.0,0,0,0.11166666666666668
3,0,0,0.5,2,0.0,4,6.0,0,0,0.0
5,0,2,5.0,2,0.0,3,9.0,1,0,0.19999999999999998
5,5,5,8.5,3,0.0,4,7.0,0,0,0.10166666666666668
4,1,0,0.0,0,0.5,0,4.0,0,0,0.0
4,3,2,2.0,2,0.0,5,7.0,1,0,0.31
5,2,2,2.0,1,1.0,1,12.0,0,0,0.33666666666666667
3,3,0,0.5,0,0.5,3,46.0,0,0,0.005
3,0,0,0.0,2,0.0,0,5.0,0,0,0.0
4,3,5,4.0,3,0.0,5,12.0,0,1,0.7316666666666666
5,4,1,7.5,1,1.0,0,14.0,0,0,0.1575
3,0,0,0.0,1,0.0,0,6.0,0,0,0.0
4,2,4,1.5,3,0.0,7,13.0,1,1,0.715
5,5,5,10.0,1,0.0,8,25.0,0,0,0.0033333333333333335
5,5,0,3.5,2,0.0,2,35.0,1,1,0.57
5,0,1,0.0,0,1.0,2,12.0,0,0,0.0016666666666666668
3,1,0,2.5,3,0.0,8,11.0,0,0,0.01
5,4,0,8.0,1,0.0,2,6.0,0,0,0.035
2,0,0,0.0,2,0.0,1,6.0,0,0,0.0
5,0,3,1.5,4,0.0,4,3.0,0,0,0.10777777777777776
1,0,0,0.0,2,0.0,0,42.0,0,0,0.0
5,3,3,6.0,1,0.5,4,15.0,0,0,0.26499999999999996
3,1,0,0.0,2,1.0,6,29.0,0,0,0.0
5,1,3,8.5,2,1.0,2,23.0,0,0,0.17499999999999996
3,3,0,0.0,4,0.0,4,35.0,0,0,0.008333333333333333
5,1,4,2.5,2,0.0,2,13.0,1,0,0.3866666666666667
5,5,4,2.0,2,0.0,0,2.0,0,0,0.345
5,5,1,3.0,1,0.0,6,6.0,0,0,0.2203571428571429
3,0,0,1.0,1,0.0,0,25.0,0,0,0.0
5,1,1,3.0,1,1.0,1,17.0,0,0,0.02666666666666667
5,5,7,4.0,1,0.0,6,20.0,1,0,0.125
5,2,1,2.0,1,1.0,3,4.0,1,0,0.11833333333333333
1,0,0,0.0,2,0.5,3,3.0,0,0,0.0
5,3,7,7.5,2,0.0,3,2.0,0,0,0.1366666666666667
4,1,7,0.5,2,0.0,0,28.0,0,0,0.155
4,2,6,7.5,2,0.0,7,34.0,0,0,0.2333333333333333
4,4,0,4.5,1,1.0,3,8.0,1,0,0.14
5,3,0,0.5,1,0.5,0,3.0,0,0,0.055
5,1,4,2.5,3,0.0,7,9.0,1,1,0.64
5,0,0,0.0,1,0.0,0,9.0,0,0,0.0
2,1,0,0.0,3,0.0,0,30.0,0,0,0.0
4,0,0,1.0,2,0.0,3,12.0,0,0,0.0
5,5,0,5.0,4,0.0,2,3.0,0,0,0.39666666666666667
5,4,0,2.5,1,0.5,4,15.0,0,0,0.3244444444444445
3,2,0,1.5,1,0.0,1,31.0,0,0,0.005
4,0,0,2.5,0,0.5,0,5.0,0,0,0.0033333333333333335
3,0,0,0.0,1,0.0,3,20.0,0,0,0.0
5,1,8,4.0,2,0.5,12,16.0,0,0,0.34166666666666673
5,4,0,1.5,2,0.0,0,5.0,0,0,0.3607222222222222
5,0,0,1.5,0,0.5,3,7.0,0,0,0.0016666666666666668
5,5,0,4.0,1,0.0,4,20.0,0,0,0.15538888888888888
5,5,4,4.0,3,0.0,5,6.0,0,0,0.315
1,3,0,0.0,1,0.0,0,45.0,0,0,0.0016666666666666668
4,0,6,2.5,1,0.0,6,3.0,0,0,0.345
5,4,0,0.0,1,0.0,1,6.0,1,0,0.14500000000000002
1,0,0,0.0,2,0.5,0,30.0,0,0,0.0
5,2,2,1.5,2,0.0,4,5.0,1,0,0.2233333333333333
3,1,0,3.5,0,0.5,0,5.0,0,0,0.005
4,3,0,3.0,2,0.5,2,20.0,0,0,0.3866666666666667
4,0,0,1.5,2,0.0,4,6.0,0,0,0.0016666666666666668
5,3,0,1.5,3,0.5,1,19.0,1,0,0.2325
5,5,5,6.5,0,0.0,8,15.0,1,0,0.024999999999999998
3,1,3,0.0,2,0.0,2,27.0,0,0,0.0033333333333333335
1,2,0,0.0,1,0.0,4,13.0,0,0,0.0
4,0,2,4.5,1,0.0,3,25.0,0,0,0.14
1,0,0,0.0,3,0.0,0,16.0,0,0,0.0
5,5,1,5.0,3,0.5,4,14.0,0,0,0.23833333333333337
1,0,0,0.0,0,0.0,0,45.0,0,0,0.0
4,0,2,0.0,1,0.0,0,25.0,0,0,0.0
4,3,1,0.5,3,0.0,9,2.0,0,0,0.3666666666666667
5,5,2,4.0,1,0.5,4,10.0,0,0,0.37833333333333335
5,1,2,0.0,1,0.0,7,11.0,0,0,0.021666666666666667
4,4,6,1.5,2,0.5,2,2.0,1,1,0.605
5,1,5,5.5,0,0.0,1,24.0,1,0,0.09333333333333334
2,1,0,2.0,2,0.0,0,30.0,0,0,0.0
5,0,1,1.0,3,0.0,2,3.0,0,0,0.005
5,5,0,2.5,1,0.5,0,1.0,0,0,0.125
3,1,2,2.0,2,0.5,9,10.0,0,0,0.025000000000000005
3,0,2,2.5,3,0.0,1,15.0,0,0,0.0
5,1,2,1.5,3,0.5,3,13.0,0,0,0.05833333333333333
4,2,8,2.0,2,1.0,4,5.0,1,0,0.4583333333333333
5,2,2,3.0,2,0.5,9,20.0,1,1,0.5449999999999999
5,0,1,3.5,2,0.0,1,7.0,0,0,0.0016666666666666668
4,2,3,3.0,2,0.0,1,10.0,1,1,0.5
1,0,0,0.0,1,0.0,0,4.0,0,0,0.0
4,4,0,2.5,2,0.0,10,8.0,1,0,0.3933333333333333
2,0,1,0.0,2,0.5,2,20.0,0,0,0.0
5,1,3,2.0,2,0.0,5,4.0,0,0,0.4810555555555555
5,2,6,3.5,1,0.5,4,6.0,0,0,0.07666666666666666
5,0,0,0.0,0,0.0,2,7.0,0,0,0.0
5,1,1,5.0,3,0.0,2,9.0,0,0,0.25666666666666665
1,0,0,0.0,1,0.0,3,5.0,0,0,0.0
5,5,2,6.0,0,0.0,4,18.0,0,0,0.11666666666666665
4,4,2,3.0,2,0.5,2,6.0,1,0,0.4683333333333333
3,1,0,0.0,2,0.5,0,17.0,0,0,0.0
5,4,6,4.5,2,0.0,5,20.0,0,0,0.40166666666666667
5,5,5,8.0,0,0.0,3,10.0,0,0,0.07333333333333335
1,0,0,0.0,2,1.0,5,10.0,0,0,0.0
4,2,7,7.0,1,0.0,8,4.0,0,0,0.27166666666666667
4,2,2,4.0,3,0.0,3,7.0,1,1,0.6415000000000001
5,5,3,8.5,2,0.0,4,18.0,0,0,0.27166666666666667
5,0,0,3.5,2,0.0,0,2.0,0,0,0.0
5,1,1,0.0,1,0.0,3,20.0,0,0,0.01
5,1,5,1.5,2,0.0,4,14.0,0,0,0.37166666666666665
2,1,0,0.0,0,0.5,0,46.0,0,0,0.0
4,0,1,4.0,2,0.0,3,24.0,0,0,0.023333333333333334
5,5,6,6.5,2,1.0,5,15.0,1,0,0.023333333333333334
5,4,3,7.5,1,0.0,2,5.0,0,0,0.055
4,2,1,0.0,1,0.0,1,15.0,0,0,0.006666666666666667
3,1,7,4.5,2,0.0,5,1.0,0,0,0.4266666666666667
5,3,3,0.0,2,0.0,3,30.0,1,0,0.40166666666666667
5,2,5,5.5,1,0.0,4,28.0,0,0,0.2933333333333334
3,3,0,6.0,1,0.0,5,3.0,0,0,0.19166666666666665
5,5,4,4.0,1,0.0,1,25.0,0,0,0.065
5,5,4,6.0,2,0.0,3,3.0,1,0,0.17833333333333332
5,1,4,6.0,2,0.0,10,4.0,0,0,0.24333333333333332
1,2,1,0.0,1,0.0,0,7.0,0,0,0.0016666666666666668
1,0,0,0.0,1,0.5,2,20.0,0,0,0.0
2,1,0,3.0,1,0.0,4,9.0,0,0,0.0
5,4,0,9.0,3,0.0,0,1.0,0,0,0.12291666666666666
5,1,5,2.5,0,0.5,7,17.0,0,0,0.10833333333333334
1,0,0,0.0,1,0.0,0,3.0,0,0,0.0
4,2,3,0.0,2,0.5,5,12.0,0,0,0.19499999999999998
5,0,0,3.5,3,0.5,2,9.0,0,0,0.021666666666666667
5,0,3,0.5,2,0.0,4,1.0,0,0,0.035833333333333335
3,3,2,3.5,2,0.0,5,24.0,1,0,0.37333333333333335
5,0,2,4.0,1,0.0,1,18.0,0,0,0.07166666666666667
3,0,1,0.0,1,0.0,2,12.0,0,0,0.0
5,0,1,3.0,1,0.5,2,1.0,0,0,0.006666666666666667
5,5,5,5.5,2,0.0,6,9.0,0,0,0.3216666666666667
5,4,1,7.0,3,1.0,2,3.0,0,0,0.26666666666666666
5,2,0,1.0,3,0.0,3,22.0,0,0,0.04
4,4,4,0.5,0,0.0,0,2.0,0,1,0.5679166666666667
5,2,3,3.0,3,0.5,3,13.0,0,1,0.5716666666666667
5,1,0,4.0,1,1.0,3,25.0,0,0,0.02
5,0,5,3.0,3,0.0,2,2.0,0,1,0.5483333333333333
5,1,6,3.0,1,0.5,2,7.0,0,0,0.2783333333333333
5,0,0,0.0,0,0.0,0,12.0,0,0,0.0
5,0,5,3.5,2,0.0,5,10.0,1,1,0.5683333333333334
5,5,4,0.0,1,0.0,3,16.0,0,0,0.24833333333333332
5,5,0,8.5,0,0.0,3,9.0,0,0,0.013333333333333334
4,2,3,0.0,1,0.0,6,4.0,0,0,0.2816666666666667
5,0,0,2.0,3,1.0,1,3.0,0,0,0.006666666666666667
3,3,0,0.0,1,0.0,1,30.0,0,0,0.0016666666666666668
5,5,0,4.5,1,0.0,0,15.0,0,1,0.5068888888888888
5,5,0,2.5,2,0.5,0,3.0,0,0,0.48
5,2,3,3.0,1,0.0,4,9.0,0,1,0.6016666666666667
5,0,2,0.0,1,0.0,5,11.0,0,0,0.0016666666666666668
5,1,0,0.0,2,1.0,0,2.0,0,0,0.006666666666666667
4,0,0,0.0,0,0.0,0,6.0,0,0,0.0
5,4,0,0.0,3,0.5,3,10.0,0,0,0.39666666666666667
4,4,2,0.0,1,1.0,3,5.0,0,0,0.36833333333333335
5,0,2,4.0,2,0.0,3,1.0,0,0,0.16666666666666666
2,1,0,0.0,2,0.5,0,12.0,0,0,0.0
1,0,0,0.0,3,0.0,0,25.0,0,0,0.0
5,5,2,6.0,1,1.0,4,8.0,0,0,0.05333333333333332
3,3,0,0.0,1,0.0,9,6.0,0,0,0.03333333333333333
5,4,4,3.5,2,0.5,4,18.0,0,0,0.35833333333333334
5,3,2,4.0,2,0.0,2,33.0,1,0,0.47000000000000003
5,0,5,1.5,4,0.0,4,1.0,0,1,0.7933333333333333
1,0,0,0.0,1,0.0,4,12.0,0,0,0.0
5,0,0,1.5,2,0.0,0,40.0,0,0,0.005
5,0,4,2.5,2,0.5,6,2.0,1,0,0.27
5,1,1,1.0,2,1.0,2,9.0,0,0,0.018333333333333337
5,1,1,2.5,1,0.0,2,13.0,0,0,0.011666666666666665
5,0,2,5.0,2,0.5,3,3.0,0,0,0.11499999999999999
4,2,0,2.5,3,0.0,4,13.0,0,0,0.2333333333333333
5,1,0,7.0,1,0.5,2,15.0,0,0,0.12333333333333335
4,0,4,2.0,1,0.0,0,1.0,0,0,0.06
5,5,0,0.0,1,0.0,5,3.0,0,0,0.21166666666666667
5,2,0,0.0,1,0.0,4,36.0,0,0,0.015
5,2,0,2.0,1,0.5,4,30.0,0,0,0.06166666666666667
4,3,0,0.0,1,0.0,3,50.0,0,0,0.03333333333333333
5,5,1,4.0,3,1.0,8,9.0,0,0,0.21966666666666665
5,5,0,1.0,0,0.0,0,12.0,0,0,0.09166666666666667
5,5,1,0.0,2,0.0,1,1.0,0,1,0.58
1,0,0,0.0,0,0.0,0,10.0,0,0,0.0
5,3,0,0.0,1,1.0,6,11.0,0,0,0.03833333333333333
4,2,0,0.0,2,0.0,3,14.0,0,0,0.008333333333333333
3,1,0,2.5,2,0.5,3,10.0,0,0,0.0016666666666666668
4,4,2,4.5,2,0.0,8,14.0,1,0,0.43166666666666664
5,5,4,3.5,0,1.0,0,25.0,0,0,0.21
2,1,0,4.5,2,1.0,3,20.0,0,0,0.02666666666666667
5,4,4,3.0,2,0.5,2,6.0,0,0,0.4483333333333333
3,1,0,0.5,1,0.0,1,37.0,0,0,0.0
4,2,0,1.0,2,0.0,4,27.0,0,0,0.005
5,1,3,2.0,1,0.5,4,18.0,0,0,0.2283333333333333
3,2,0,2.0,2,0.0,3,10.0,0,0,0.008333333333333333
5,1,12,2.0,1,0.0,2,2.0,0,0,0.34833333333333333
5,3,3,4.5,1,0.5,1,13.0,1,0,0.34833333333333333
5,0,2,6.0,2,0.0,4,6.0,1,0,0.17666666666666667
3,3,0,2.5,3,0.0,0,4.0,0,0,0.085
4,2,4,3.0,4,0.5,3,10.0,0,1,0.6133333333333334
5,5,4,8.5,2,0.0,6,25.0,1,0,0.3116666666666667
5,4,3,3.0,3,0.0,2,16.0,0,0,0.27999999999999997
5,0,1,1.5,2,0.5,7,10.0,0,0,0.01
3,0,0,0.5,3,0.0,0,3.0,0,0,0.0
3,2,6,3.5,1,1.0,1,6.0,0,0,0.31833333333333336
5,4,1,1.0,3,0.0,1,4.0,0,0,0.44
3,2,0,2.0,2,0.0,4,13.0,0,0,0.006666666666666667
5,5,0,4.5,3,0.5,2,26.0,1,0,0.35000000000000003
3,1,0,3.5,2,0.0,1,40.0,0,0,0.03833333333333334
4,0,1,2.0,2,0.0,4,26.0,0,0,0.0016666666666666668
3,2,2,1.5,2,1.0,1,13.0,0,0,0.04833333333333333
4,0,2,1.5,1,0.5,1,3.0,0,0,0.0033333333333333335
5,0,5,8.0,2,0.0,5,3.0,1,0,0.22166666666666668
4,0,0,0.0,0,0.5,0,10.0,0,0,0.0
5,0,0,2.0,2,0.0,1,1.0,0,0,0.0016666666666666668
4,0,0,2.5,2,0.0,0,10.0,0,0,0.0016666666666666668
3,0,0,0.0,3,0.5,2,28.0,0,0,0.0
2,0,0,0.0,0,0.0,0,10.0,0,0,0.0
5,1,3,3.5,0,0.0,2,8.0,0,0,0.17
3,0,0,0.5,1,0.0,5,3.0,0,0,0.0
4,0,1,2.5,1,0.0,2,6.0,0,0,0.0033333333333333335
5,1,0,1.5,1,1.0,1,20.0,0,0,0.006666666666666667
2,0,0,0.0,2,0.0,0,7.0,0,0,0.0
4,4,1,1.5,1,0.0,4,60.0,0,1,0.7183333333333333
1,0,0,0.0,2,0.5,0,14.0,0,0,0.0
5,2,1,3.5,2,0.0,5,18.0,0,0,0.19499999999999998
1,0,0,0.0,2,0.0,1,35.0,0,0,0.0
4,3,0,1.5,3,0.0,5,7.0,0,0,0.2916666666666667
3,0,0,2.0,1,0.0,5,30.0,0,0,0.0
5,1,4,0.0,2,0.0,4,25.0,0,0,0.11
5,1,0,0.0,2,1.0,3,8.0,0,0,0.006666666666666667
5,3,2,1.0,2,0.5,2,4.0,0,1,0.6966666666666667
5,4,6,4.5,3,0.5,6,2.0,1,0,0.215
5,2,6,4.5,2,0.0,3,4.0,0,0,0.2333333333333333
5,0,0,3.5,4,0.5,0,2.0,0,0,0.015
5,0,0,4.5,2,1.0,1,9.0,0,0,0.04
5,1,7,5.5,1,0.0,6,30.0,0,0,0.11499999999999999
5,4,1,1.5,1,0.0,3,27.0,0,0,0.25666666666666665
1,0,0,0.0,1,0.0,5,42.0,0,0,0.0
5,3,3,5.5,3,0.0,4,21.0,0,0,0.4069444444444444
4,2,0,0.5,1,0.0,3,14.0,0,0,0.005
5,0,3,0.0,2,0.5,3,3.0,0,0,0.021666666666666667
5,5,12,10.0,1,1.0,8,40.0,0,0,0.12666666666666668
5,1,4,3.5,2,0.5,1,15.0,0,0,0.39166666666666666
3,3,3,1.5,2,0.0,6,2.0,1,0,0.40222222222222226
5,2,4,3.0,2,0.5,2,8.0,0,0,0.45166666666666666
5,2,2,4.0,2,0.0,3,4.0,0,1,0.5066666666666667
5,2,3,3.0,2,0.0,4,9.0,0,1,0.525
2,3,0,6.0,0,0.0,0,15.0,0,0,0.215
5,0,2,2.0,3,0.0,2,1.0,0,0,0.008333333333333333
5,2,6,7.5,3,0.0,4,3.0,0,0,0.4033333333333333
2,0,0,5.5,1,0.0,0,25.0,0,0,0.0016666666666666668
5,1,1,3.0,1,0.0,3,17.0,0,0,0.11666666666666665
2,0,0,0.0,3,0.0,0,26.0,0,0,0.0
3,3,0,0.5,1,0.5,3,34.0,0,0,0.0033333333333333335
4,0,0,3.5,2,0.0,6,2.0,0,0,0.006666666666666667
5,1,2,4.5,1,0.0,4,10.0,0,0,0.3983333333333334
4,0,0,3.0,2,0.0,3,14.0,0,0,0.0
4,0,2,0.5,2,0.0,7,15.0,0,0,0.005
1,0,0,0.0,1,0.5,4,27.0,0,0,0.0
3,1,2,0.0,3,0.0,2,11.0,0,0,0.0016666666666666668
5,3,2,3.0,1,0.0,0,2.0,0,0,0.38666666666666666
4,0,7,8.0,0,0.0,3,15.0,0,0,0.205
3,1,2,2.0,3,0.0,1,2.0,0,0,0.025000000000000005
5,4,0,3.0,1,0.0,7,30.0,0,0,0.20722222222222222
4,4,1,1.0,1,0.0,4,10.0,0,1,0.5166666666666667
5,0,0,2.5,2,0.0,1,25.0,0,0,0.0
3,2,3,4.5,2,0.0,1,3.0,0,0,0.375
5,5,4,5.0,3,0.0,4,7.0,0,0,0.305
3,0,0,0.0,3,0.5,4,30.0,0,0,0.0
5,1,2,4.5,2,1.0,2,7.0,0,0,0.28833333333333333
3,0,3,0.0,0,1.0,1,11.0,0,0,0.0016666666666666668
2,1,0,0.0,1,0.0,1,10.0,0,0,0.0
5,5,1,0.5,2,0.0,3,4.0,0,1,0.5983333333333333
3,0,1,0.0,0,0.0,0,12.0,0,0,0.0
5,5,1,1.5,1,0.0,5,32.0,0,0,0.36000000000000004
5,0,8,3.5,3,1.0,4,2.0,0,0,0.4633333333333333
4,2,0,1.0,0,1.0,2,30.0,0,0,0.013333333333333334
5,0,3,3.5,1,0.0,3,7.0,0,0,0.27
5,1,7,6.0,2,0.0,1,10.0,0,0,0.16666666666666666
5,4,0,0.5,0,0.0,2,19.0,1,0,0.07333333333333333
4,3,2,0.5,1,0.0,0,33.0,1,0,0.20166666666666666
4,2,0,0.0,2,0.5,3,27.0,0,0,0.008333333333333333
5,4,0,4.0,1,0.0,0,19.0,0,0,0.46611111111111114
5,4,0,5.5,3,0.5,0,1.0,0,0,0.3230555555555556
5,1,6,10.0,2,0.0,2,15.0,0,0,0.13333333333333333
1,0,0,0.0,3,0.0,2,8.0,0,0,0.0
5,0,5,1.0,3,0.5,4,10.0,0,0,0.24166666666666667
3,5,0,2.0,2,0.0,4,19.0,1,0,0.26666666666666666
1,2,0,0.0,1,0.0,3,15.0,0,0,0.0
1,0,0,0.0,0,0.0,0,2.0,0,0,0.0
5,2,3,4.0,3,0.5,3,21.0,1,1,0.52
4,4,0,0.0,4,0.5,0,2.0,0,0,0.2011111111111111
4,1,0,0.5,2,0.0,1,13.0,0,0,0.0
5,5,1,2.0,2,0.0,7,20.0,1,1,0.52625
3,0,6,1.5,2,0.0,6,18.0,0,0,0.15166666666666667
3,3,0,2.0,3,0.0,0,100.0,0,0,0.045000000000000005
1,0,0,1.5,3,0.5,0,5.0,0,0,0.0
5,2,0,8.5,1,0.5,6,4.0,0,0,0.03
5,3,3,3.0,2,0.0,5,12.0,0,0,0.39999999999999997
4,5,3,3.0,2,0.0,4,15.0,1,1,0.6166666666666667
1,1,0,0.0,0,0.0,0,20.0,0,0,0.0
5,1,1,4.5,1,0.0,5,2.0,0,0,0.34055555555555556
4,4,1,1.0,2,0.0,1,17.0,0,0,0.45166666666666666
4,0,0,0.0,0,0.0,0,16.0,0,0,0.0
3,0,0,2.0,1,0.0,2,14.0,0,0,0.0
5,1,0,6.0,1,0.0,6,7.0,0,0,0.1366666666666667
5,1,0,2.5,1,0.0,1,30.0,0,0,0.0016666666666666668
5,1,1,1.5,1,0.0,2,25.0,0,0,0.011666666666666667
4,1,2,2.0,2,0.5,3,8.0,0,0,0.021666666666666667
5,1,1,7.5,3,0.0,1,3.0,0,0,0.32666666666666666
5,1,3,5.5,2,0.0,5,28.0,0,0,0.30388888888888893
5,0,0,2.5,1,1.0,0,8.0,0,0,0.005
1,0,0,0.0,3,0.0,0,1.0,0,0,0.0
3,0,0,0.5,3,0.0,5,10.0,0,0,0.0
5,2,8,2.0,2,0.0,0,25.0,0,0,0.3233333333333333
3,0,0,1.5,1,0.0,2,6.0,0,0,0.0
5,3,1,0.0,1,0.0,3,3.0,1,0,0.265
3,0,1,0.0,0,1.0,0,20.0,0,0,0.0
5,5,0,0.0,0,0.0,2,28.0,0,0,0.19666666666666666
5,1,6,8.5,2,1.0,4,5.0,0,0,0.05833333333333333
5,1,7,9.5,2,0.0,7,30.0,1,0,0.12666666666666668
4,0,1,1.0,2,1.0,1,10.0,0,0,0.0033333333333333335
5,1,3,3.0,4,0.0,7,8.0,1,1,0.5683333333333332
4,1,9,6.5,1,1.0,3,35.0,0,0,0.32666666666666666
2,1,0,0.5,3,1.0,0,40.0,0,0,0.0016666666666666668
4,0,3,4.5,2,0.0,8,2.0,0,0,0.19833333333333333
4,1,2,1.5,3,0.0,6,3.0,0,0,0.015
5,4,4,2.0,4,1.0,3,12.0,1,1,0.5566666666666666
5,4,5,6.0,2,0.5,3,12.0,0,0,0.21166666666666667
1,0,0,0.0,4,0.0,3,19.0,0,0,0.0
5,2,2,7.0,0,1.0,5,4.0,0,0,0.2283333333333333
4,3,4,5.0,1,0.0,3,6.0,0,0,0.3427777777777778
4,1,0,3.5,1,0.0,0,15.0,0,0,0.0033333333333333335
3,3,0,4.5,1,0.0,3,45.0,0,0,0.24333333333333332
3,2,2,0.0,1,0.0,6,2.0,0,0,0.04666666666666667
5,0,1,1.0,2,0.0,0,5.0,0,0,0.0016666666666666668
4,0,0,1.5,2,0.0,7,3.0,0,0,0.0033333333333333335
4,2,0,3.0,2,0.0,2,11.0,0,0,0.020833333333333332
5,1,0,6.0,1,0.0,1,1.0,0,0,0.042777777777777776
5,0,3,6.0,1,0.0,2,1.0,0,0,0.09833333333333334
5,1,2,1.5,2,0.0,2,4.0,0,0,0.06566666666666666
5,1,0,2.5,1,0.0,8,16.0,0,0,0.026666666666666672
5,2,0,5.0,3,0.0,3,5.0,0,0,0.32483333333333336
5,1,14,6.0,4,0.0,7,5.0,1,0,0.30666666666666664
4,4,0,2.5,1,0.0,0,27.0,1,0,0.09666666666666668
3,3,0,6.0,1,0.0,0,5.0,0,1,0.605
4,3,7,5.5,1,1.0,2,20.0,0,0,0.265
5,0,2,4.0,4,0.0,1,7.0,0,0,0.20833333333333334
4,0,0,3.5,2,0.0,0,5.0,0,0,0.0016666666666666668
4,0,0,1.5,2,0.0,0,11.0,0,0,0.0
3,1,0,1.5,1,0.5,0,12.0,0,0,0.0
5,2,2,5.5,2,0.0,1,3.0,0,0,0.26999999999999996
3,0,0,0.0,1,0.0,1,7.0,0,0,0.0
5,5,4,3.5,3,1.0,3,15.0,0,0,0.21
3,1,0,0.0,2,0.5,5,9.0,0,0,0.0
3,0,0,1.0,1,0.0,0,3.0,0,0,0.0
5,5,5,9.0,1,0.5,3,7.0,0,0,0.008333333333333333
2,1,0,1.5,2,0.0,3,27.0,0,0,0.0
4,1,3,4.5,2,0.0,6,7.0,1,1,0.5283333333333333
5,0,2,4.0,1,0.5,2,1.0,0,0,0.07333333333333335
3,0,0,0.0,3,0.0,0,10.0,0,0,0.0
4,0,0,3.5,2,0.0,0,30.0,0,0,0.018333333333333333
5,5,8,4.5,1,1.0,2,1.0,0,0,0.2348333333333333
1,0,0,0.0,0,0.0,3,19.0,0,0,0.0
4,2,0,2.0,3,0.0,3,22.0,0,0,0.02666666666666667
3,2,0,2.5,2,0.0,6,7.0,0,0,0.035
5,5,0,5.0,1,0.0,4,2.0,1,0,0.09833333333333334
4,4,3,10.0,1,0.0,4,3.0,0,0,0.10333333333333333
3,0,0,0.0,0,0.5,1,1.0,0,0,0.0
5,5,0,0.0,1,0.5,0,10.0,0,0,0.08166666666666668
1,0,0,0.0,0,0.0,1,5.0,0,0,0.0
5,0,0,0.0,0,1.0,0,17.0,0,0,0.0
5,4,1,2.5,1,0.5,4,25.0,1,0,0.18333333333333335
5,0,8,5.0,2,0.0,1,3.0,1,0,0.24333333333333332
5,4,8,7.5,3,0.0,6,1.0,0,0,0.14
5,0,0,0.0,0,0.0,0,10.0,0,0,0.0
4,0,0,1.5,2,0.0,2,7.0,0,0,0.0
4,4,2,4.5,2,0.0,3,8.0,1,0,0.29541666666666666
3,1,3,0.5,2,1.0,5,6.0,0,0,0.021666666666666667
5,0,6,3.0,1,0.0,4,5.0,0,0,0.24
4,4,0,4.5,3,0.0,9,2.0,0,1,0.5983333333333333
5,1,0,2.0,2,1.0,8,1.0,0,0,0.043333333333333335
5,0,5,2.5,1,0.5,1,1.0,0,0,0.42333333333333334
4,2,0,2.5,2,1.0,6,21.0,0,0,0.13833333333333334
4,4,2,3.0,1,0.0,0,13.0,1,0,0.36000000000000004
5,3,5,6.0,2,0.5,2,4.0,0,0,0.26583333333333337
3,0,0,0.0,1,0.0,0,12.0,0,0,0.0
5,4,2,3.5,1,0.0,5,40.0,0,0,0.265
4,2,1,3.0,2,0.0,5,36.0,0,0,0.245
4,3,0,1.0,0,0.0,3,30.0,0,0,0.055
5,0,2,0.0,2,0.0,6,25.0,0,0,0.01
5,5,9,8.0,3,1.0,6,10.0,0,0,0.07
3,4,0,0.5,0,0.0,4,3.0,0,0,0.12166666666666666
3,2,2,10.0,1,0.5,5,35.0,0,0,0.14833333333333334
3,3,0,1.0,3,0.0,2,25.0,0,0,0.011666666666666667
5,0,0,1.0,0,0.0,5,6.0,0,0,0.0
4,0,0,1.5,1,0.0,3,29.0,0,0,0.0
1,0,0,0.5,2,0.0,5,20.0,0,0,0.0
5,0,2,3.0,1,0.0,6,4.0,0,0,0.02
5,3,1,0.0,3,1.0,2,6.0,1,1,0.6366666666666667
5,4,8,3.0,1,0.0,4,5.0,0,0,0.16833333333333333
1,0,0,0.0,3,0.0,0,1.0,0,0,0.0
5,4,5,1.0,2,0.0,6,10.0,1,0,0.375
3,3,0,0.0,1,0.0,2,6.0,0,0,0.0016666666666666668
4,0,7,5.0,2,1.0,3,5.0,0,0,0.4366666666666667
5,2,3,3.5,2,0.0,7,15.0,1,1,0.5666666666666667
4,2,0,3.0,2,0.0,0,30.0,0,0,0.07333333333333333
5,4,3,4.5,2,0.0,10,15.0,0,0,0.20000000000000004
5,2,2,1.0,2,0.0,2,5.0,0,0,0.2733333333333334
4,0,2,0.5,0,0.5,3,20.0,0,0,0.0
3,0,1,2.0,2,0.0,7,6.0,0,0,0.0033333333333333335
4,0,3,2.5,2,0.0,8,1.0,0,0,0.03166666666666667
5,5,0,1.0,1,0.0,3,10.0,0,0,0.21333333333333335
5,5,0,1.5,3,0.0,3,25.0,0,1,0.6183333333333333
5,2,4,1.0,1,0.5,1,1.0,0,0,0.22999999999999998
1,0,0,0.5,2,0.0,0,10.0,0,0,0.0
5,5,0,0.5,1,1.0,2,15.0,0,0,0.1425
5,4,5,6.0,1,0.0,2,10.0,0,0,0.14333333333333334
3,0,2,0.0,2,0.0,5,28.0,0,0,0.0033333333333333335
4,3,2,2.5,1,1.0,3,6.0,1,0,0.3316666666666666
4,1,5,2.0,2,1.0,3,17.0,0,0,0.24333333333333332
5,2,0,1.0,2,0.5,4,2.0,0,0,0.05000000000000001
5,1,4,2.5,2,0.5,8,23.0,0,0,0.4633333333333334
4,1,4,0.5,2,0.0,2,17.0,0,0,0.041666666666666664
1,5,0,4.0,0,1.0,0,13.0,0,0,0.07333333333333335
5,4,7,5.5,0,1.0,5,25.0,0,0,0.08
3,0,0,1.0,2,0.0,8,13.0,0,0,0.0
5,2,2,2.5,1,0.0,3,8.0,0,1,0.5081388888888889
5,2,2,4.5,0,0.0,2,25.0,0,0,0.17166666666666666
5,3,2,3.5,1,0.5,5,23.0,0,0,0.27499999999999997
5,2,8,10.0,0,0.0,7,26.0,0,0,0.14833333333333334
4,1,3,0.0,0,0.0,0,30.0,0,0,0.03333333333333333
5,5,0,6.0,1,0.0,4,21.0,0,0,0.075
4,0,1,5.5,2,0.0,3,3.0,0,0,0.02
5,3,5,6.5,2,0.5,3,20.0,1,0,0.3066666666666667
5,0,0,0.0,0,0.0,1,8.0,0,0,0.0
5,2,3,1.5,1,0.0,3,11.0,0,0,0.3575
5,2,2,4.5,0,0.0,7,2.0,1,0,0.30333333333333334
4,4,6,1.0,1,0.0,9,7.0,0,0,0.42333333333333334
5,2,7,3.0,2,0.0,5,6.0,1,0,0.4566666666666667
5,2,0,1.0,2,0.0,2,9.0,0,0,0.025000000000000005
4,3,0,0.0,1,0.0,0,32.0,0,0,0.018333333333333337
4,1,2,2.5,1,0.0,2,4.0,0,0,0.041666666666666664
5,1,4,4.0,4,1.0,5,4.0,0,0,0.16
5,3,0,2.0,1,0.0,5,22.0,0,0,0.19833333333333333
5,1,5,3.0,2,0.0,2,4.0,0,0,0.32
5,5,7,6.5,1,1.0,8,7.0,0,0,0.13166666666666668
5,3,0,7.5,1,1.0,0,14.0,0,0,0.08055555555555556
4,0,0,0.0,1,1.0,3,17.0,0,0,0.0
5,2,0,4.0,1,1.0,5,30.0,0,0,0.33
5,5,3,10.0,2,1.0,3,30.0,0,0,0.17333333333333334
5,4,2,2.5,2,1.0,4,10.0,1,0,0.32000000000000006
5,4,2,0.5,2,0.0,3,5.0,1,0,0.295
3,0,2,0.0,1,1.0,9,25.0,0,0,0.015
5,2,2,3.5,3,0.0,5,15.0,1,1,0.58
5,5,8,4.5,1,1.0,3,19.0,0,0,0.21166666666666667
5,4,0,2.5,3,1.0,3,4.0,1,1,0.5483333333333333
4,2,1,0.0,2,0.0,4,20.0,0,0,0.008333333333333333
5,5,2,6.0,1,0.0,5,13.0,0,0,0.18833333333333332
5,5,0,3.0,0,0.0,0,20.0,0,1,0.6538888888888889
5,2,3,1.5,3,0.5,4,5.0,0,1,0.5883333333333334
4,3,2,3.5,2,0.0,5,7.0,0,0,0.41500000000000004
3,3,0,0.0,2,0.0,6,10.0,0,0,0.005
2,1,0,0.0,0,0.0,2,40.0,0,0,0.0
3,1,2,1.5,2,0.5,6,5.0,0,0,0.0033333333333333335
5,2,0,3.5,1,0.0,4,50.0,0,0,0.2383333333333333
5,4,6,5.5,2,0.0,12,6.0,0,0,0.18666666666666665
3,5,10,0.5,1,0.0,6,6.0,1,0,0.465
5,5,5,7.5,1,0.0,5,3.0,0,0,0.03
1,0,0,0.0,0,0.0,4,22.0,0,0,0.0
5,2,3,2.5,1,0.0,3,8.0,0,0,0.33702777777777776
5,0,0,1.0,1,0.0,1,40.0,0,0,0.0016666666666666668
4,4,0,1.0,1,0.0,0,2.0,0,1,0.5161150793650794
5,1,0,0.0,1,0.0,5,10.0,0,0,0.0
5,0,1,2.5,0,0.5,5,1.0,0,0,0.03333333333333333
5,2,2,2.5,1,0.5,1,10.0,0,0,0.18333333333333335
5,1,1,6.0,2,0.0,8,43.0,0,1,0.6466666666666666
5,5,4,7.0,3,0.0,1,14.0,0,0,0.17166666666666663
5,0,2,0.5,1,0.0,2,7.0,0,0,0.0016666666666666668
5,2,0,3.5,1,1.0,1,7.0,0,0,0.1509722222222222
2,1,0,2.0,0,1.0,0,6.0,0,0,0.005
1,0,0,0.0,0,0.0,4,37.0,0,0,0.0
5,0,0,4.0,1,0.0,0,26.0,0,0,0.0016666666666666668
4,0,0,0.0,0,0.0,3,21.0,0,0,0.0
5,5,1,3.0,1,1.0,3,16.0,0,0,0.024999999999999998
3,0,0,0.0,1,0.0,5,5.0,0,0,0.0
4,0,1,4.5,2,0.0,2,1.0,0,0,0.015
5,0,0,0.5,2,0.0,3,4.0,0,0,0.0
5,0,0,10.0,1,1.0,2,7.0,0,0,0.12
4,0,0,2.0,2,0.0,0,7.0,0,0,0.0
3,0,0,0.0,0,0.0,0,10.0,0,0,0.0
5,2,0,7.5,1,0.0,0,18.0,0,0,0.035
4,0,0,2.5,2,0.0,2,1.0,0,0,0.0
3,0,7,0.0,4,0.0,2,20.0,0,0,0.075
5,4,0,5.5,1,0.0,5,38.0,0,0,0.105
3,0,1,2.0,1,0.0,2,12.0,0,0,0.0016666666666666668
5,3,7,8.0,1,0.0,5,25.0,1,0,0.11666666666666665
5,5,1,1.5,1,1.0,3,6.0,1,0,0.12000000000000001
5,2,1,2.0,1,0.0,2,37.0,1,0,0.16
5,5,4,7.5,1,1.0,3,30.0,0,0,0.08166666666666667
4,5,2,6.5,4,0.5,0,5.0,1,0,0.40388888888888896
3,3,0,5.0,2,0.0,0,12.0,0,0,0.15500000000000003
5,4,0,7.5,1,1.0,1,3.0,0,0,0.12333333333333334
2,1,0,2.5,2,0.0,1,20.0,0,0,0.0016666666666666668
5,0,0,2.0,4,0.0,4,1.0,0,0,0.045000000000000005
5,1,0,2.5,2,0.0,3,16.0,0,0,0.0
3,2,0,0.0,1,0.0,4,12.0,0,0,0.0
5,1,4,5.5,2,0.5,4,13.0,0,0,0.22
3,2,2,0.5,2,0.0,1,6.0,0,0,0.006666666666666667
5,1,0,3.5,2,1.0,6,11.0,0,0,0.021666666666666667
5,4,1,1.5,1,0.0,4,25.0,1,0,0.29333333333333333
5,5,6,10.0,1,0.5,13,5.0,0,0,0.008333333333333333
5,0,0,6.5,2,0.0,0,15.0,0,0,0.08666666666666667
5,1,0,6.0,1,0.0,6,11.0,1,0,0.14500000000000002
3,0,0,0.0,1,0.0,6,15.0,0,0,0.0
5,5,0,10.0,2,0.0,1,15.0,0,0,0.09333333333333334
5,0,2,2.5,0,1.0,0,17.0,0,0,0.03833333333333334
5,0,8,8.5,3,1.0,3,5.0,0,0,0.1516666666666667
4,0,5,2.5,2,0.0,1,7.0,0,0,0.13833333333333334
5,3,7,4.5,1,0.0,4,11.0,0,0,0.18499999999999997
5,0,0,0.0,0,0.0,4,21.0,0,0,0.0
4,0,0,0.0,2,0.0,0,3.0,0,0,0.0
1,1,1,1.0,2,0.5,1,1.0,0,0,0.0033333333333333335
5,3,0,5.0,1,0.5,5,5.0,0,0,0.14833333333333334
5,5,0,7.0,0,0.0,5,11.0,0,0,0.03
4,0,0,1.0,4,0.0,1,1.0,0,0,0.0033333333333333335
5,5,5,10.0,2,0.0,11,6.0,0,0,0.03
5,1,0,0.5,2,1.0,4,4.0,0,0,0.006666666666666667
5,5,1,10.0,1,0.0,1,2.0,0,0,0.024999999999999998
4,1,0,0.0,4,0.5,2,5.0,0,0,0.0
4,2,0,0.0,1,1.0,2,7.0,0,0,0.0016666666666666668
5,4,5,0.0,1,0.0,7,2.0,0,0,0.355
5,5,4,6.0,2,0.5,5,15.0,0,0,0.15666666666666665
4,2,8,1.5,1,0.0,3,1.0,0,1,0.5499999999999999
5,4,8,2.5,4,0.5,4,8.0,0,0,0.47000000000000003
5,1,2,3.5,3,0.0,1,15.0,1,0,0.14
4,3,1,4.0,1,1.0,0,14.0,0,0,0.32666666666666666
1,0,0,0.0,3,0.0,3,5.0,0,0,0.0
5,5,2,6.0,1,0.5,1,11.0,0,0,0.125
5,2,0,0.0,1,0.5,2,2.0,0,0,0.008333333333333333
5,5,8,7.0,2,0.0,8,12.0,0,0,0.17333333333333334
4,0,0,3.5,1,0.0,0,2.0,0,0,0.0016666666666666668
4,0,5,3.0,1,0.0,9,10.0,0,0,0.29000000000000004
4,3,1,1.0,2,0.0,6,13.0,0,0,0.26999999999999996
3,0,0,0.0,1,0.0,3,25.0,0,0,0.0
5,4,2,1.0,2,1.0,2,16.0,1,0,0.49291666666666667
5,0,1,9.0,1,0.5,3,2.0,0,0,0.12833333333333333
4,0,0,0.5,2,0.0,0,1.0,0,0,0.0016666666666666668
5,2,0,5.5,1,0.0,0,2.0,1,0,0.18833333333333335
2,1,0,0.0,2,0.0,4,11.0,0,0,0.0
5,2,3,2.5,2,0.0,3,20.0,0,0,0.4383333333333333
2,2,0,0.0,2,0.0,0,30.0,0,0,0.0
5,0,2,2.0,1,1.0,2,23.0,0,0,0.016666666666666666
5,2,6,5.0,2,0.0,4,7.0,1,0,0.39166666666666666
4,3,2,3.5,1,0.5,8,20.0,1,0,0.44333333333333336
5,5,8,2.0,1,1.0,16,6.0,0,1,0.5066666666666667
4,0,2,2.5,1,0.0,3,5.0,0,0,0.0016666666666666668
4,0,0,1.0,0,0.0,0,4.0,0,0,0.0016666666666666668
5,0,11,3.5,4,0.5,7,4.0,0,0,0.46666666666666673
4,2,6,0.0,2,0.0,2,25.0,1,0,0.47
3,0,2,1.0,1,0.0,4,2.0,0,0,0.0
4,4,3,7.0,1,0.5,3,30.0,0,0,0.2383333333333333
5,1,4,1.0,0,1.0,5,4.0,0,0,0.11499999999999999
5,1,2,6.0,2,0.5,1,11.0,1,0,0.36999999999999994
1,0,0,1.0,3,0.0,1,20.0,0,0,0.0
4,4,3,5.0,1,0.0,4,5.0,1,0,0.3186111111111111
1,0,0,0.0,1,0.0,0,1.0,0,0,0.0
5,0,2,1.5,2,0.0,2,10.0,0,0,0.013333333333333334
2,0,0,0.0,1,1.0,0,15.0,0,0,0.0
1,0,7,0.5,2,1.0,11,6.0,0,0,0.16
5,2,0,1.0,1,0.0,2,40.0,0,0,0.005
5,1,1,3.0,1,0.0,5,7.0,0,0,0.0044444444444444444
5,4,0,3.5,1,0.0,3,16.0,1,0,0.09499999999999999
5,4,3,3.0,2,1.0,4,22.0,1,0,0.355
4,1,1,2.0,2,0.0,3,15.0,0,0,0.0
5,5,0,10.0,1,0.0,0,3.0,0,0,0.0
4,1,2,2.5,3,0.5,1,17.0,0,0,0.06
5,1,6,5.5,1,0.0,0,1.0,0,0,0.3333333333333333
5,5,2,3.0,2,0.0,3,15.0,1,0,0.16361111111111112
5,1,4,3.5,2,0.0,1,40.0,0,1,0.5133333333333333
5,1,8,6.5,4,0.5,6,16.0,1,0,0.27166666666666667
4,1,3,2.5,2,0.0,7,13.0,0,0,0.19166666666666665
5,2,1,0.0,1,0.0,3,3.0,0,0,0.171
5,2,3,3.0,1,0.0,7,22.0,0,0,0.2916666666666667
5,5,0,2.5,2,0.0,1,11.0,0,1,0.581111111111111
5,0,1,1.5,2,0.0,3,28.0,0,0,0.0
5,5,0,0.0,2,0.0,3,18.0,0,1,0.625
5,3,3,2.0,1,0.0,3,21.0,1,0,0.42
5,2,0,1.0,2,0.0,3,1.0,0,0,0.075
5,4,3,6.0,3,0.5,3,8.0,0,0,0.23313888888888887
5,0,2,1.5,2,0.0,6,5.0,0,0,0.012499999999999999
5,1,0,0.5,2,0.0,3,13.0,0,0,0.006666666666666667
5,5,8,10.0,2,0.0,9,4.0,0,0,0.034999999999999996
1,0,0,0.0,1,0.0,7,10.0,0,0,0.0
4,0,0,2.0,1,0.5,0,1.0,0,0,0.008333333333333333
4,2,3,4.5,3,0.0,3,4.0,1,1,0.5723055555555555
5,5,2,6.5,2,1.0,4,10.0,1,0,0.055
4,4,4,6.5,1,0.0,4,8.0,0,0,0.26611111111111113
2,0,0,0.0,1,0.0,3,10.0,0,0,0.0
5,0,3,2.5,3,0.0,5,2.0,0,0,0.041388888888888885
5,3,4,4.5,2,0.0,4,15.0,0,0,0.22166666666666668
5,1,0,5.0,1,0.0,3,22.0,0,0,0.030000000000000002
4,1,2,2.5,1,0.0,2,16.0,0,0,0.008333333333333333
5,5,13,5.0,2,0.0,1,11.0,0,0,0.24833333333333332
4,3,3,2.0,3,1.0,2,11.0,1,1,0.585
1,0,0,0.0,2,0.0,4,10.0,0,0,0.0
3,0,0,0.0,2,0.0,7,4.0,0,0,0.0
5,2,5,6.5,1,0.0,2,30.0,0,0,0.3016666666666667
5,2,1,4.5,3,0.0,1,7.0,1,0,0.30833333333333335
4,1,0,2.5,3,0.0,9,15.0,0,0,0.015000000000000001
1,1,0,1.0,0,0.5,1,28.0,0,0,0.0
2,0,0,0.0,3,0.5,4,51.0,0,0,0.0
5,5,0,8.5,1,0.0,2,20.0,0,0,0.008333333333333333
5,5,1,10.0,1,0.5,1,8.0,0,0,0.015
5,0,1,1.5,2,0.0,2,27.0,0,0,0.0
5,5,5,4.0,2,1.0,3,4.0,0,0,0.33666666666666667
2,1,0,3.0,1,0.5,3,19.0,0,0,0.0016666666666666668
2,1,0,0.0,3,0.0,1,22.0,0,0,0.0
5,5,1,1.5,2,0.0,1,12.0,1,1,0.6033333333333334
5,0,2,2.0,2,0.0,1,20.0,0,0,0.018333333333333333
5,0,0,7.0,1,1.0,2,1.0,0,0,0.12333333333333334
5,3,0,2.0,1,0.0,0,9.0,0,0,0.0675
1,0,1,0.0,2,0.0,6,30.0,0,0,0.0
4,0,0,0.0,0,0.0,0,30.0,0,0,0.0
4,0,0,0.5,2,0.0,7,1.0,0,0,0.0
4,0,0,3.5,2,0.0,6,3.0,0,0,0.006666666666666667
1,0,0,0.0,1,0.0,4,20.0,0,0,0.0
5,0,0,1.0,2,1.0,0,1.0,0,0,0.02
4,0,0,0.0,2,0.5,0,9.0,0,0,0.0
0,4,5,3.0,3,1.0,4,2.0,0,0,0.32166666666666666
1,0,0,0.0,0,0.0,0,29.0,0,0,0.0
4,5,5,1.0,3,0.5,6,3.0,1,0,0.3233333333333333
1,0,0,0.0,0,0.0,4,15.0,0,0,0.0
5,0,2,3.5,2,0.5,2,1.0,0,0,0.12
5,5,6,8.5,1,1.0,3,8.0,0,0,0.008333333333333333
4,2,0,0.0,1,0.0,1,1.0,0,0,0.029444444444444443
5,0,0,2.0,1,1.0,1,33.0,0,0,0.008333333333333333
5,5,0,2.5,2,0.0,3,4.0,0,0,0.21
5,5,0,10.0,2,1.0,0,8.0,0,0,0.005
5,5,1,3.5,1,0.0,1,30.0,0,0,0.13166666666666668
5,5,10,4.5,1,0.0,7,39.0,0,0,0.19666666666666666
4,1,0,0.0,0,0.0,0,7.0,0,0,0.0
5,1,4,5.0,1,0.0,3,28.0,0,0,0.1638888888888889
3,5,1,0.0,2,0.0,1,18.0,1,0,0.39166666666666666
5,1,3,4.5,1,0.0,3,16.0,0,0,0.07666666666666667
5,4,0,3.5,2,0.0,3,8.0,0,1,0.6216666666666667
2,2,0,0.0,2,0.0,1,42.0,0,0,0.0
5,5,0,2.0,0,1.0,0,9.0,0,0,0.24333333333333332
1,0,0,0.0,3,0.0,4,15.0,0,0,0.0
5,5,3,4.0,3,0.5,4,8.0,0,0,0.24666666666666667
3,0,0,0.0,0,0.0,0,15.0,0,0,0.0
4,1,6,1.5,2,0.5,15,9.0,0,0,0.27499999999999997
5,4,5,3.5,1,0.5,1,10.0,0,0,0.16
5,4,1,5.5,1,0.5,2,3.0,0,0,0.32
4,2,3,3.5,2,0.0,0,12.0,0,1,0.5933333333333333
4,3,0,5.5,1,1.0,0,8.0,0,0,0.14833333333333334
3,0,0,0.0,0,0.0,0,3.0,0,0,0.0
4,4,1,1.0,2,0.0,4,10.0,1,1,0.5916666666666667
3,0,0,0.0,0,0.0,0,29.0,0,0,0.0
5,5,0,2.5,2,1.0,0,1.0,1,0,0.4484444444444444
5,0,3,3.5,2,0.0,5,10.0,1,1,0.6229166666666667
4,0,1,0.0,0,0.0,0,7.0,0,0,0.0
5,5,4,3.5,3,0.0,7,11.0,0,0,0.24666666666666667
5,5,1,4.5,1,0.0,4,15.0,0,0,0.13
5,2,1,5.5,1,1.0,1,24.0,0,0,0.235
5,0,3,3.5,2,0.0,3,25.0,1,1,0.6266666666666666
5,5,2,3.0,2,0.5,10,5.0,0,0,0.48666666666666664
2,5,0,5.0,1,0.0,6,15.0,0,0,0.16166666666666665
5,5,0,2.5,2,0.0,0,28.0,1,0,0.3204722222222222
3,0,0,0.0,3,0.0,0,1.0,0,0,0.0
3,0,0,1.0,1,0.5,6,8.0,0,0,0.0
5,1,0,3.5,2,0.0,4,25.0,0,0,0.01
5,4,2,3.5,0,0.0,1,14.0,1,0,0.2833333333333334
4,5,0,1.5,2,0.0,1,4.0,0,0,0.27
5,0,2,2.0,1,0.0,0,14.0,0,0,0.015
3,0,0,0.0,1,0.0,2,15.0,0,0,0.0
5,5,6,4.5,2,1.0,1,5.0,0,0,0.19166666666666665
5,0,0,6.0,4,0.5,0,1.0,0,0,0.1175
4,2,0,2.0,1,0.0,1,15.0,0,0,0.005555555555555556
3,2,0,1.5,2,0.0,2,14.0,0,0,0.005
4,0,4,6.0,2,0.0,1,2.0,0,0,0.375
4,4,3,2.0,1,1.0,2,17.0,0,0,0.4366666666666667
5,1,3,0.0,1,0.5,3,3.0,0,0,0.06166666666666667
5,5,0,1.0,3,1.0,2,22.0,0,0,0.2866666666666667
5,4,4,3.0,1,0.5,3,3.0,1,0,0.19166666666666665
5,0,2,2.0,1,0.0,2,11.0,0,0,0.0016666666666666668
2,1,0,0.0,2,0.0,0,8.0,0,0,0.0016666666666666668
5,1,2,4.0,3,0.0,2,10.0,0,0,0.20166666666666666
4,5,0,2.5,3,0.0,7,7.0,1,1,0.5733333333333334
5,0,0,2.0,2,0.0,0,5.0,0,0,0.0
3,3,0,3.0,1,1.0,3,7.0,0,0,0.04833333333333334
5,2,5,4.5,1,0.0,2,20.0,1,0,0.12500000000000003
5,1,3,2.5,1,0.0,1,8.0,0,1,0.7766666666666667
2,3,0,0.0,1,0.0,0,6.0,0,0,0.0
4,0,0,1.5,1,0.0,3,4.0,0,0,0.0
4,0,0,1.5,1,0.0,0,35.0,0,0,0.0
4,0,1,1.5,2,0.5,2,5.0,0,0,0.0
5,5,3,7.0,1,0.0,9,4.0,0,0,0.20833333333333334
5,4,2,3.5,2,0.0,1,6.0,0,0,0.4633333333333334
5,2,0,0.5,1,0.0,2,20.0,0,0,0.006666666666666667
5,1,0,9.5,1,0.0,3,15.0,0,0,0.018333333333333337
5,5,1,5.0,2,0.0,4,15.0,0,0,0.08386111111111111
5,0,3,3.5,2,0.0,3,10.0,1,0,0.445
1,0,0,0.0,2,0.0,6,6.0,0,0,0.0
5,5,5,0.0,0,1.0,2,12.0,0,0,0.19499999999999998
3,0,0,0.0,1,0.0,9,7.0,0,0,0.0
4,4,0,0.0,1,0.0,0,12.0,0,0,0.05333333333333334
5,1,0,4.0,1,0.0,2,24.0,0,0,0.011666666666666667
5,3,4,7.0,1,1.0,8,37.0,0,0,0.14
1,0,0,0.0,1,0.0,0,32.0,0,0,0.0
4,0,0,1.0,2,0.0,0,12.0,0,0,0.0
4,0,3,0.5,3,0.0,0,28.0,0,0,0.023333333333333334
4,0,2,2.0,1,0.0,4,1.0,0,0,0.015000000000000001
5,2,0,4.5,2,0.0,3,11.0,0,0,0.2609722222222222
1,0,0,0.0,0,0.0,2,2.0,0,0,0.0
5,5,2,4.5,1,0.0,4,14.0,0,0,0.33944444444444444
5,0,2,5.5,1,0.5,2,8.0,1,0,0.2966666666666667
5,2,0,3.0,1,0.0,5,26.0,1,1,0.523888888888889
3,2,0,0.0,3,0.0,4,3.0,0,0,0.0016666666666666668
4,0,0,2.5,2,0.0,6,15.0,0,0,0.0033333333333333335
2,1,0,5.5,1,0.0,0,25.0,0,0,0.01
5,0,1,2.0,2,0.0,1,15.0,0,0,0.006666666666666667
5,0,3,3.5,2,0.0,1,11.0,0,1,0.6116666666666667
3,1,2,0.0,1,0.0,3,35.0,0,0,0.0
4,0,1,2.0,1,0.0,5,25.0,0,0,0.006666666666666667
5,0,3,3.0,2,0.0,3,8.0,0,0,0.07
5,5,0,4.5,1,0.0,3,30.0,0,0,0.13
5,0,2,5.0,0,1.0,6,5.0,0,0,0.049999999999999996
4,0,12,2.5,4,0.0,8,4.0,1,1,0.7283333333333334
5,2,0,0.0,2,0.0,0,3.0,0,0,0.013333333333333334
5,5,10,5.5,2,0.0,3,27.0,0,0,0.27166666666666667
5,0,1,2.0,1,0.5,2,25.0,0,0,0.005
5,2,5,3.5,1,0.0,4,6.0,0,0,0.255
4,0,3,0.0,2,0.0,0,24.0,0,0,0.013333333333333334
3,0,0,2.5,3,0.0,2,1.0,0,0,0.0
3,0,1,0.0,1,0.0,0,2.0,0,0,0.0
3,0,0,0.0,2,0.0,0,29.0,0,0,0.0
4,0,0,1.5,1,0.0,6,4.0,0,0,0.0033333333333333335
5,1,5,4.0,1,0.0,2,10.0,0,0,0.056666666666666664
5,5,0,2.0,1,1.0,3,32.0,1,0,0.04666666666666667
5,0,4,3.0,0,0.5,3,10.0,1,0,0.12666666666666668
5,5,0,1.5,1,0.0,0,30.0,0,0,0.40898015873015875
5,4,8,3.0,2,0.0,6,13.0,0,1,0.5916666666666667
5,4,1,2.0,1,1.0,4,20.0,0,0,0.19166666666666665
4,0,1,2.0,2,0.0,0,2.0,0,0,0.0
5,1,0,0.0,0,0.0,0,18.0,0,0,0.008333333333333333
5,5,2,1.5,3,0.0,5,20.0,1,0,0.4000000000000001
5,2,4,3.0,2,0.5,1,15.0,0,1,0.505
4,0,0,2.0,0,0.0,8,15.0,0,0,0.008333333333333333
4,2,3,5.5,0,0.5,6,10.0,0,0,0.38166666666666665
5,3,2,3.5,2,0.0,1,4.0,0,0,0.4066666666666667
4,4,0,3.0,2,0.0,0,3.0,0,1,0.7466666666666666
3,2,2,0.5,2,0.0,3,12.0,0,0,0.011666666666666667
5,1,0,2.0,2,0.0,3,27.0,0,0,0.005
1,0,0,0.0,0,1.0,1,5.0,0,0,0.0
5,1,7,4.0,1,0.0,3,5.0,1,0,0.24
5,0,0,3.0,2,0.0,2,15.0,0,0,0.006666666666666667
5,1,3,4.5,2,1.0,3,12.0,1,0,0.20000000000000004
3,0,0,0.0,2,0.5,3,29.0,0,0,0.0
5,5,3,6.5,1,0.0,5,25.0,0,0,0.14208333333333334
3,3,0,0.0,2,0.0,1,21.0,0,0,0.005
5,5,3,2.0,1,1.0,2,8.0,0,0,0.14500000000000002
5,5,6,6.5,1,0.0,5,12.0,0,0,0.05833333333333334
3,0,1,1.0,1,0.0,2,43.0,0,0,0.0
3,0,2,1.5,2,0.0,9,8.0,0,0,0.011666666666666667
4,0,0,10.0,1,1.0,0,10.0,0,0,0.235
4,0,0,4.5,4,0.0,4,2.0,0,0,0.04833333333333334
5,2,0,9.0,1,0.0,3,13.0,0,0,0.06166666666666667
4,0,5,2.0,2,1.0,0,4.0,0,0,0.11333333333333333
5,5,0,4.0,2,0.5,6,2.0,0,0,0.3466666666666667
4,0,5,4.0,3,0.0,5,3.0,1,0,0.49500000000000005
5,1,1,1.0,2,0.5,1,13.0,0,0,0.006666666666666667
3,0,0,0.0,0,0.0,0,20.0,0,0,0.0
5,0,1,0.0,1,0.0,2,15.0,0,0,0.0033333333333333335
5,1,2,6.0,2,1.0,2,35.0,0,0,0.35666666666666663
4,1,4,3.0,4,0.0,0,1.0,0,0,0.23500000000000001
5,3,3,2.0,1,0.0,3,15.0,1,1,0.5083333333333334
5,2,1,2.0,1,0.0,2,22.0,1,0,0.38166666666666665
5,2,2,3.5,1,0.0,5,5.0,0,0,0.3866666666666667
3,0,4,0.0,1,0.0,1,35.0,0,0,0.0033333333333333335
3,2,2,0.0,1,0.5,2,20.0,0,0,0.008333333333333333
4,3,0,1.0,1,0.0,4,24.0,0,0,0.041666666666666664
5,0,3,10.0,1,0.0,1,8.0,0,0,0.06
5,1,1,3.0,1,0.5,2,7.0,0,0,0.03
5,1,1,5.0,4,1.0,1,2.0,1,0,0.38000000000000006
4,3,3,4.5,2,0.0,1,14.0,0,1,0.5133333333333333
5,0,1,5.0,1,0.5,2,20.0,0,0,0.03333333333333333
3,0,0,0.0,0,0.0,2,12.0,0,0,0.0
5,0,0,2.0,2,0.0,2,11.0,0,0,0.0016666666666666668
3,0,0,1.5,2,0.0,3,5.0,0,0,0.0
3,0,0,0.0,3,0.5,4,10.0,0,0,0.0
5,0,1,5.5,1,0.0,0,4.0,0,0,0.024999999999999998
5,2,5,4.5,1,0.0,4,4.0,0,0,0.20166666666666666
4,2,0,1.0,2,0.0,0,24.0,0,0,0.006666666666666667
4,3,1,2.0,1,0.0,4,14.0,0,0,0.4466666666666667
5,2,2,4.5,2,0.5,4,13.0,0,1,0.5750000000000001
5,1,3,2.0,1,0.0,7,25.0,1,0,0.2225
3,0,0,1.0,0,1.0,3,34.0,0,0,0.0
4,1,2,3.0,1,0.0,5,11.0,0,0,0.08000000000000002
5,4,5,4.0,2,0.0,4,30.0,0,0,0.455
4,0,3,0.0,2,0.5,2,5.0,0,0,0.0
5,5,2,3.0,2,0.5,6,3.0,0,0,0.36166666666666664
5,2,0,10.0,4,0.5,4,9.0,0,0,0.21166666666666667
5,3,8,4.0,2,0.5,5,6.0,0,0,0.215
4,0,0,1.0,0,0.5,0,15.0,0,0,0.0033333333333333335
1,0,0,0.0,2,0.5,2,36.0,0,0,0.0
5,5,0,4.5,2,0.5,0,9.0,1,0,0.20333333333333334
4,1,2,1.5,1,0.0,3,10.0,0,0,0.0016666666666666668
4,4,1,2.0,2,0.0,1,3.0,0,1,0.6833333333333335
5,1,1,6.5,2,0.0,4,20.0,0,0,0.12166666666666666
3,2,0,0.0,2,0.0,2,8.0,0,0,0.0
4,0,0,0.0,2,0.5,1,20.0,0,0,0.0
5,1,0,2.5,1,0.0,4,27.0,0,0,0.005
5,0,0,0.0,1,0.0,0,4.0,0,0,0.0
4,4,2,1.5,1,0.0,2,24.0,1,0,0.3016666666666667
4,1,4,5.5,1,0.0,4,10.0,0,0,0.245
5,2,3,0.0,1,0.5,5,7.0,0,0,0.17
5,5,1,2.5,1,0.0,6,15.0,0,0,0.18833333333333332
5,2,1,4.5,1,0.5,4,10.0,1,0,0.11666666666666665
3,0,0,0.0,0,0.0,3,49.0,0,0,0.0
4,0,0,3.0,0,0.0,3,4.0,0,0,0.0016666666666666668
5,0,2,2.5,2,0.0,4,14.0,0,0,0.015000000000000001
5,3,3,4.5,0,0.0,4,7.0,0,0,0.26
1,3,0,0.0,3,1.0,3,21.0,0,0,0.006666666666666667
4,0,0,0.5,1,0.0,1,30.0,0,0,0.0
5,4,4,3.0,0,0.0,2,7.0,0,0,0.14
5,1,1,5.0,4,1.0,2,3.0,0,0,0.25666666666666665
3,3,0,3.5,1,0.0,3,6.0,0,0,0.07500000000000001
5,5,17,7.0,4,0.0,27,2.0,0,0,0.3033333333333333
5,5,0,0.5,0,0.0,0,27.0,0,0,0.08119907407407408
5,5,2,5.0,2,1.0,3,10.0,0,0,0.18000000000000002
1,0,0,0.0,1,0.0,0,12.0,0,0,0.0
4,0,0,1.0,1,0.0,6,7.0,0,0,0.0
5,5,3,1.0,1,0.0,4,10.0,1,0,0.3233333333333333
4,0,5,3.0,2,0.0,4,9.0,0,0,0.3216666666666667
1,0,3,0.0,3,0.0,5,5.0,0,0,0.0
3,2,3,4.5,3,0.0,8,1.0,1,0,0.465
5,2,2,1.0,2,0.5,2,8.0,0,0,0.26
5,2,2,4.0,1,1.0,2,18.0,0,0,0.27
5,1,1,0.0,3,1.0,2,5.0,0,0,0.016666666666666666
3,0,3,1.0,1,0.0,5,7.0,0,0,0.005
1,0,0,0.0,3,0.0,0,10.0,0,0,0.0
3,1,0,5.0,3,0.5,5,13.0,0,0,0.05000000000000001
5,5,0,6.0,2,0.0,3,10.0,1,0,0.03666666666666667
1,0,0,0.0,2,0.0,3,20.0,0,0,0.0
1,0,0,0.0,1,0.0,4,5.0,0,0,0.0
5,0,6,3.5,2,1.0,2,17.0,0,0,0.40499999999999997
5,5,0,10.0,1,1.0,0,100.0,0,0,0.055
4,4,0,0.0,0,0.0,5,1.0,0,0,0.385
5,0,0,2.5,2,1.0,4,13.0,0,0,0.0016666666666666668
5,2,0,1.0,3,0.5,2,14.0,0,0,0.06666666666666667
5,0,5,3.5,2,1.0,3,12.0,1,0,0.29666666666666663
4,4,4,0.0,3,0.0,8,10.0,1,1,0.6683333333333334
1,0,0,0.0,1,0.5,0,25.0,0,0,0.0
2,0,0,0.0,0,0.5,0,5.0,0,0,0.0
1,0,0,0.0,0,0.0,0,35.0,0,0,0.0
5,5,5,6.0,1,0.5,4,15.0,1,0,0.13833333333333334
5,1,1,6.0,2,0.0,7,19.0,0,0,0.1366666666666667
5,5,6,6.5,2,0.0,9,11.0,0,0,0.1416666666666667
5,0,0,6.0,1,0.5,0,4.0,0,0,0.016666666666666666
5,1,1,2.5,1,0.0,6,17.0,0,0,0.041666666666666664
5,0,0,1.0,1,0.5,0,2.0,0,0,0.005
4,1,3,2.0,3,0.5,5,20.0,0,0,0.17833333333333334
5,5,5,5.0,4,1.0,3,16.0,0,0,0.37166666666666665
5,2,1,6.0,1,0.0,3,25.0,1,0,0.18499999999999997
4,0,1,0.0,1,0.5,3,1.0,0,0,0.0
5,0,1,0.0,1,0.0,0,35.0,0,0,0.0033333333333333335
2,0,0,2.0,1,0.0,4,18.0,0,0,0.0
5,2,0,3.0,2,0.0,4,8.0,0,1,0.5466666666666667
5,0,1,2.0,1,0.0,7,2.0,0,0,0.045000000000000005
5,5,0,8.5,2,0.0,0,10.0,0,0,0.12833333333333333
5,5,0,1.0,1,0.0,0,12.0,0,0,0.11333333333333333
5,0,3,3.5,1,0.0,1,6.0,0,0,0.25999999999999995
5,0,3,1.5,2,1.0,4,7.0,0,0,0.06833333333333334
5,3,1,4.5,1,0.5,3,15.0,1,0,0.14166666666666666
3,2,0,2.0,1,0.0,0,20.0,0,0,0.0
5,5,3,1.5,2,0.0,5,19.0,0,0,0.30833333333333335
1,0,0,0.0,0,0.0,0,12.0,0,0,0.0
5,5,3,0.5,3,0.0,1,1.0,1,0,0.31
5,2,6,4.0,1,0.0,8,25.0,1,0,0.10666666666666667
5,0,0,2.0,1,0.0,0,8.0,0,0,0.0
5,3,5,5.5,1,0.0,6,11.0,0,0,0.17166666666666666
5,5,5,2.5,1,0.0,6,40.0,0,0,0.1366666666666667
5,5,3,3.0,2,0.5,4,4.0,0,0,0.09000000000000001
5,4,3,4.5,1,0.0,6,14.0,0,0,0.24333333333333332
3,0,0,0.0,2,0.0,1,28.0,0,0,0.0
5,2,1,5.5,3,0.0,5,3.0,1,0,0.2283333333333333
4,3,1,3.0,2,0.5,2,6.0,0,1,0.5683333333333332
5,0,0,0.5,3,0.5,0,25.0,0,0,0.011666666666666667
3,0,1,1.0,2,0.0,7,5.0,0,0,0.0
4,2,0,1.5,2,1.0,1,26.0,0,0,0.016666666666666666
5,5,9,4.5,3,0.5,8,3.0,0,0,0.36000000000000004
5,3,0,0.0,1,0.0,0,4.0,0,0,0.023333333333333334
5,0,3,3.5,1,1.0,4,22.0,0,0,0.235
3,0,0,0.0,0,0.0,2,21.0,0,0,0.0
4,1,0,2.5,2,1.0,6,17.0,0,0,0.028333333333333335
3,2,1,2.5,3,0.0,5,3.0,0,0,0.06833333333333333
5,2,0,4.0,3,0.5,2,25.0,1,1,0.5733333333333334
5,2,1,4.0,0,0.5,2,17.0,0,0,0.13999999999999999
5,5,1,0.0,1,0.0,2,26.0,0,1,0.5100000000000001
5,4,8,4.5,1,0.0,4,12.0,0,0,0.10166666666666667
5,4,5,4.5,1,0.0,8,5.0,0,0,0.35333333333333333
5,0,3,3.0,1,0.0,3,35.0,0,0,0.06833333333333334
5,4,2,2.0,1,1.0,1,11.0,0,0,0.235
4,4,3,0.0,1,0.0,3,30.0,0,0,0.37833333333333335
3,3,0,2.5,3,0.5,2,25.0,0,0,0.06333333333333334
5,2,0,6.5,1,0.5,6,11.0,0,0,0.05333333333333334
5,1,0,2.0,1,0.0,5,14.0,0,0,0.008333333333333333
5,0,1,0.0,1,0.0,0,10.0,0,0,0.0
4,0,2,3.5,1,0.0,1,3.0,0,0,0.016666666666666666
5,3,6,4.5,2,1.0,3,10.0,1,0,0.215
5,5,5,6.0,2,0.5,7,14.0,1,0,0.23666666666666666
5,2,2,1.0,1,0.0,2,10.0,1,1,0.6016666666666667
5,3,0,0.0,3,0.5,6,3.0,0,0,0.13
5,3,11,0.0,1,1.0,6,10.0,1,0,0.255
5,3,3,2.5,1,0.0,0,59.0,0,0,0.18666666666666668
4,3,5,3.0,2,0.0,4,22.0,1,1,0.705
1,0,0,0.0,0,0.0,0,3.0,0,0,0.0
2,0,2,0.0,2,0.0,6,30.0,0,0,0.0
5,0,3,5.0,3,0.0,1,8.0,0,1,0.5
5,2,2,6.0,1,1.0,1,10.0,0,0,0.27
3,0,0,0.0,2,0.0,4,6.0,0,0,0.0
5,5,4,1.0,1,0.0,3,14.0,0,0,0.30333333333333334
3,3,0,0.0,1,1.0,4,5.0,0,0,0.0
5,1,3,10.0,1,0.0,2,5.0,0,0,0.05333333333333334
5,5,0,3.5,1,0.0,3,20.0,0,0,0.06027777777777777
5,4,3,5.0,1,0.0,5,14.0,0,0,0.21666666666666667
4,2,0,0.5,1,0.5,3,25.0,0,0,0.0016666666666666668
5,5,0,4.5,2,0.0,5,1.0,0,0,0.27166666666666667
1,3,0,1.5,0,0.0,2,8.0,0,0,0.005
5,1,0,4.0,2,0.0,7,15.0,0,0,0.03833333333333334
3,3,1,0.0,1,1.0,0,25.0,0,0,0.015
5,1,0,0.0,2,0.0,3,14.0,0,0,0.0016666666666666668
1,0,0,0.0,0,0.0,5,7.0,0,0,0.0
5,5,0,5.0,2,1.0,0,7.0,0,0,0.085
5,5,3,3.5,2,0.5,5,6.0,0,0,0.18833333333333335
3,3,1,2.0,2,0.0,5,15.0,0,0,0.015
5,4,6,1.5,2,1.0,4,8.0,0,0,0.41333333333333333
4,1,5,3.0,2,1.0,7,25.0,0,1,0.505
5,2,3,3.0,2,0.5,3,3.0,1,0,0.41
5,0,8,5.0,1,0.5,7,7.0,0,1,0.5216666666666666
5,5,1,4.5,0,0.0,2,10.0,0,0,0.04666666666666667
5,1,1,0.0,2,0.5,1,1.0,0,0,0.03333333333333333
5,5,0,7.0,3,0.0,3,10.0,0,0,0.2783333333333333
4,4,0,4.5,2,0.5,6,29.0,1,1,0.5216666666666666
5,5,4,0.0,2,0.0,9,20.0,0,0,0.4916666666666667
1,0,0,2.0,0,0.5,0,28.0,0,0,0.0
3,0,2,1.5,3,0.5,3,6.0,0,0,0.0016666666666666668
4,0,6,4.5,4,0.5,3,6.0,0,1,0.5
5,0,1,0.0,0,0.5,1,4.0,0,0,0.0
5,2,0,0.0,2,1.0,0,14.0,0,0,0.008333333333333333
5,5,4,3.5,3,1.0,5,5.0,0,0,0.39166666666666666
5,2,2,2.5,3,1.0,4,6.0,1,1,0.64
5,3,0,1.5,2,0.0,3,19.0,0,0,0.2881666666666667
5,3,5,0.0,2,0.0,3,20.0,1,0,0.4583333333333333
5,5,8,5.0,1,0.0,12,3.0,1,0,0.48
5,0,1,2.0,2,1.0,3,6.0,0,0,0.0016666666666666668
5,5,6,3.0,3,0.5,7,12.0,0,0,0.235
5,3,0,4.5,1,0.0,2,8.0,1,0,0.25833333333333336
5,2,2,0.5,2,0.5,4,15.0,0,0,0.295
1,0,0,0.0,1,0.0,4,9.0,0,0,0.0
4,2,10,3.0,2,0.0,8,45.0,1,0,0.25333333333333335
4,4,0,5.0,2,0.0,1,8.0,0,0,0.43166666666666664
3,2,1,0.0,0,0.0,7,10.0,0,0,0.008333333333333333
5,2,1,4.5,3,1.0,3,3.0,1,1,0.5316666666666666
4,0,6,2.5,1,0.0,2,15.0,1,0,0.18666666666666668
5,1,2,6.5,1,1.0,3,30.0,1,0,0.18166666666666664
5,5,7,10.0,1,1.0,6,28.0,0,0,0.015
1,0,0,0.0,0,0.0,0,35.0,0,0,0.0
5,2,3,2.5,3,1.0,3,18.0,1,1,0.5883333333333334
4,0,3,5.5,2,0.0,6,4.0,1,0,0.165
3,2,3,1.5,2,0.0,7,3.0,0,0,0.08000000000000002
5,0,0,0.0,0,1.0,0,40.0,0,0,0.005
4,0,0,3.0,2,0.0,0,5.0,0,0,0.0
5,1,1,4.5,2,0.0,4,7.0,1,0,0.17666666666666667
5,5,0,8.0,2,0.0,0,1.0,1,0,0.05347222222222222
5,5,8,3.5,1,0.0,3,5.0,1,0,0.19833333333333333
5,5,5,2.5,2,0.0,1,3.0,0,0,0.4666666666666666
5,4,3,5.0,2,0.0,6,19.0,1,0,0.37766666666666665
5,1,2,3.0,1,1.0,2,24.0,0,0,0.14666666666666667
4,1,0,2.5,4,0.5,4,14.0,0,0,0.006666666666666667
4,0,0,3.0,1,0.0,2,20.0,0,0,0.0033333333333333335
2,1,0,0.0,1,0.0,0,20.0,0,0,0.0
5,4,2,4.5,4,0.0,2,8.0,0,0,0.4166666666666667
5,5,0,5.5,2,0.0,8,19.0,1,0,0.043333333333333335
5,3,4,3.0,1,0.0,3,5.0,0,0,0.331
5,3,0,5.5,3,0.0,0,5.0,0,0,0.08833333333333333
1,0,0,0.0,2,0.0,1,8.0,0,0,0.0
5,5,9,4.0,1,0.0,2,18.0,0,0,0.135
3,0,1,0.0,3,0.0,5,6.0,0,0,0.0
5,4,2,0.0,1,0.0,2,30.0,0,0,0.18500000000000003
5,2,3,5.5,3,1.0,3,5.0,0,0,0.43166666666666664
5,5,1,8.0,2,0.0,4,4.0,1,0,0.10222222222222223
4,5,1,0.5,1,0.0,0,2.0,1,0,0.28555555555555556
5,0,0,1.0,2,0.0,4,33.0,0,0,0.005
4,4,8,6.0,1,1.0,6,1.0,0,0,0.37999999999999995
3,2,4,1.5,2,0.5,4,3.0,0,0,0.26333333333333336
1,0,0,0.0,2,0.0,1,12.0,0,0,0.0
5,5,0,4.0,1,1.0,0,19.0,1,0,0.07958730158730158
5,3,1,0.0,1,1.0,1,15.0,1,0,0.165
5,3,0,2.5,2,0.5,4,5.0,0,0,0.34
3,0,1,2.5,1,0.0,3,18.0,0,0,0.0
4,0,3,1.0,4,0.0,5,4.0,0,0,0.01
2,0,0,0.0,1,0.0,3,4.0,0,0,0.0
5,0,2,3.5,2,0.0,1,29.0,0,0,0.07666666666666666
5,5,4,4.0,1,0.0,4,4.0,1,0,0.12875
5,2,9,3.5,3,1.0,4,3.0,1,1,0.5633333333333334
4,0,1,2.5,2,0.0,3,3.0,0,0,0.0033333333333333335
5,1,3,5.0,2,1.0,1,14.0,0,0,0.38833333333333336
4,2,3,3.0,1,0.0,0,10.0,0,0,0.32
4,2,0,4.0,5,0.0,2,3.0,0,0,0.2816666666666667
1,0,0,0.0,3,0.0,0,13.0,0,0,0.0
5,5,9,6.0,3,0.0,4,13.0,0,0,0.23666666666666666
3,3,2,2.5,1,0.0,2,41.0,0,0,0.11333333333333334
5,5,5,5.5,4,0.0,3,3.0,0,0,0.2933333333333334
5,1,0,3.5,0,0.0,6,20.0,0,0,0.01
3,2,0,0.0,1,0.0,0,2.0,0,0,0.0
5,5,0,3.5,2,0.0,2,19.0,0,0,0.35333333333333333
5,1,0,7.5,2,1.0,8,2.0,0,0,0.11166666666666668
1,0,0,0.0,2,0.0,1,3.0,0,0,0.0
4,0,1,1.5,1,0.5,3,8.0,0,0,0.0033333333333333335
4,2,1,2.5,2,0.0,4,8.0,0,0,0.17166666666666666
3,2,2,3.5,2,0.5,2,20.0,0,0,0.225
4,0,0,1.5,2,0.0,0,35.0,0,0,0.0
5,4,3,3.5,1,0.0,1,12.0,0,0,0.19833333333333333
5,0,8,5.0,3,0.0,8,8.0,0,1,0.5133333333333333
4,1,0,0.5,2,1.0,0,5.0,0,0,0.0016666666666666668
5,1,0,1.0,1,0.0,2,8.0,0,0,0.0
4,0,0,2.0,1,0.5,2,20.0,0,0,0.0016666666666666668
4,1,2,0.0,1,0.0,4,26.0,0,0,0.0016666666666666668
4,3,0,0.5,1,0.0,4,4.0,0,0,0.065
5,5,2,3.0,2,0.5,7,8.0,1,0,0.4066666666666667
4,1,0,0.0,1,0.0,0,14.0,0,0,0.0
5,2,2,3.5,3,0.0,2,2.0,1,1,0.6266666666666666
4,0,0,0.0,1,0.5,1,14.0,0,0,0.0
4,0,3,4.5,1,0.0,0,5.0,0,0,0.07666666666666666
5,5,1,1.5,1,1.0,1,18.0,0,0,0.09833333333333333
4,1,7,1.5,1,0.5,6,16.0,0,0,0.3383333333333333
3,2,2,2.5,3,0.0,4,30.0,0,0,0.22999999999999998
3,0,10,2.0,3,0.0,3,6.0,1,0,0.47333333333333333
4,0,3,3.0,4,0.0,4,2.0,0,0,0.05333333333333334
5,2,2,3.0,1,0.5,3,2.0,1,0,0.18666666666666668
5,1,0,2.5,4,0.0,3,5.0,0,0,0.075
3,0,0,0.0,0,0.0,5,1.0,0,0,0.0
5,4,8,2.5,3,0.5,5,15.0,1,1,0.5916666666666667
3,3,0,0.0,1,0.0,5,1.0,0,0,0.03166666666666667
4,0,3,0.0,1,0.0,4,3.0,0,0,0.005
2,5,6,8.0,2,0.0,0,6.0,0,0,0.19000000000000003
4,1,2,1.5,1,0.5,6,26.0,0,0,0.02
2,1,0,0.0,2,0.5,1,12.0,0,0,0.0
5,5,5,2.0,1,1.0,4,4.0,0,0,0.09333333333333332
5,4,7,3.5,3,0.0,4,1.0,0,0,0.19499999999999998
5,5,0,0.0,1,0.0,0,3.0,0,1,0.67
1,4,0,1.5,4,0.0,3,8.0,0,0,0.10999999999999999
5,5,2,3.0,2,0.0,3,9.0,1,0,0.20999999999999996
5,5,0,3.0,1,0.5,2,5.0,1,0,0.08666666666666667
3,3,3,2.0,2,0.0,2,17.0,1,0,0.325
4,1,0,0.0,1,0.0,0,14.0,0,0,0.0
5,3,1,5.5,2,0.0,1,43.0,0,0,0.32166666666666666
3,3,0,0.5,1,0.0,0,38.0,0,0,0.0016666666666666668
4,1,0,0.0,0,1.0,0,14.0,0,0,0.0016666666666666668
5,0,0,0.0,0,0.5,0,3.0,0,0,0.0
3,0,0,1.0,1,1.0,0,10.0,0,0,0.0
5,5,0,0.0,1,0.0,0,20.0,1,1,0.5579444444444445
5,5,0,4.5,2,0.0,0,10.0,0,1,0.5483333333333333
5,5,11,7.5,2,0.0,9,7.0,0,0,0.06166666666666667
1,0,0,0.0,2,0.0,1,50.0,0,0,0.0016666666666666668
5,2,0,4.5,1,0.0,1,12.0,0,0,0.49513888888888885
5,5,2,4.5,2,0.5,1,4.0,0,0,0.21666666666666667
3,0,5,0.5,3,0.0,4,33.0,0,0,0.04833333333333334
4,3,5,1.5,3,0.5,5,1.0,0,1,0.5633333333333334
4,4,2,5.0,5,1.0,3,1.0,0,0,0.44
5,5,0,1.5,1,0.0,0,10.0,0,0,0.041666666666666664
5,3,3,2.0,2,0.0,4,11.0,1,1,0.5866666666666667
5,1,0,4.5,1,0.5,1,17.0,1,0,0.07833333333333334
4,0,1,3.5,2,0.0,3,17.0,0,0,0.011666666666666665
1,3,0,0.0,0,0.5,2,25.0,0,0,0.0
5,4,1,4.0,1,0.0,0,4.0,1,0,0.24166666666666667
4,4,0,0.0,1,1.0,0,8.0,0,0,0.02333333333333333
4,1,5,3.0,3,0.0,1,2.0,0,0,0.49000000000000005
5,4,0,5.5,1,0.0,0,3.0,0,0,0.33
3,1,0,0.0,1,0.0,0,40.0,0,0,0.0
5,5,0,2.5,4,0.5,4,10.0,0,0,0.4983333333333333
5,0,5,2.5,1,0.0,5,17.0,0,0,0.38666666666666666
5,5,4,9.5,2,1.0,2,3.0,0,0,0.16833333333333333
5,5,2,2.5,1,0.0,3,25.0,0,0,0.36833333333333335
5,0,0,1.0,1,0.0,0,3.0,0,0,0.0
4,2,3,3.5,2,0.0,2,17.0,0,1,0.6133333333333333
5,1,3,4.0,1,0.0,2,12.0,0,0,0.13
4,4,0,0.0,2,0.0,4,15.0,0,0,0.07833333333333332
5,2,4,2.5,2,1.0,2,5.0,0,1,0.5099999999999999
3,1,0,0.5,0,0.0,1,10.0,0,0,0.0
2,3,0,1.0,1,0.0,0,5.0,0,0,0.008333333333333333
4,3,0,3.5,1,0.0,0,25.0,1,0,0.135
1,0,0,0.0,0,0.0,0,10.0,0,0,0.0
5,0,5,6.0,3,0.0,4,3.0,0,0,0.4066666666666667
5,5,7,8.0,2,0.0,1,20.0,1,0,0.09833333333333334
2,0,0,0.0,0,0.0,6,20.0,0,0,0.0
2,3,0,4.0,2,1.0,0,20.0,0,0,0.035
5,2,8,4.0,1,0.0,4,18.0,1,0,0.305
3,0,1,0.0,0,0.5,0,5.0,0,0,0.0
5,1,2,5.5,2,0.0,5,1.0,1,0,0.26499999999999996
5,0,2,3.5,4,0.0,2,1.0,0,0,0.31666666666666665
5,0,0,0.0,2,0.0,2,1.0,0,0,0.0033333333333333335
4,4,1,4.0,1,0.0,1,2.0,0,0,0.1973611111111111
5,0,1,4.0,2,0.0,5,2.0,0,0,0.015
4,4,1,1.5,1,0.0,1,27.0,0,0,0.17500000000000002
1,0,1,0.0,1,0.0,3,3.0,0,0,0.0
4,4,4,0.5,2,0.0,2,6.0,0,1,0.5266666666666667
2,0,0,0.0,1,0.0,0,45.0,0,0,0.0
3,5,0,3.5,1,0.0,2,34.0,1,0,0.13999999999999999
4,4,0,0.0,1,0.5,2,13.0,0,0,0.12333333333333334
3,0,4,0.0,1,0.5,2,3.0,0,0,0.0033333333333333335
5,4,5,3.0,1,0.0,3,10.0,1,0,0.22499999999999998
1,0,0,0.5,0,0.0,3,6.0,0,0,0.0
5,4,9,3.5,2,1.0,11,14.0,0,0,0.23500000000000001
1,0,0,0.0,0,0.0,0,6.0,0,0,0.0
1,0,0,0.0,0,0.0,0,25.0,0,0,0.0
3,0,0,0.0,2,0.5,0,28.0,0,0,0.0
5,1,3,5.5,1,0.0,0,9.0,0,0,0.26
4,2,0,0.0,0,0.5,0,5.0,0,0,0.018333333333333337
5,4,0,9.5,1,0.0,1,4.0,0,0,0.07166666666666667
2,0,1,0.0,2,0.5,0,3.0,0,0,0.0
5,5,0,5.5,2,1.0,5,6.0,1,0,0.155
5,5,9,5.5,1,1.0,11,14.0,0,0,0.445
5,4,2,2.5,2,0.0,2,25.0,0,1,0.59
5,5,4,4.0,1,0.0,0,10.0,0,0,0.16166666666666668
5,1,5,3.0,3,0.5,4,19.0,1,1,0.6383333333333333
5,5,2,6.0,1,1.0,2,7.0,0,0,0.021666666666666667
4,1,2,3.0,0,1.0,9,10.0,0,0,0.07166666666666667
5,4,5,4.0,2,0.5,3,25.0,0,1,0.5183333333333333
4,0,4,2.0,2,1.0,4,5.0,0,0,0.045000000000000005
5,1,2,2.0,1,0.5,6,2.0,0,0,0.09333333333333334
3,1,0,0.0,0,0.5,5,14.0,0,0,0.0
5,0,0,5.5,3,1.0,4,25.0,0,0,0.08
3,0,2,2.0,2,0.0,7,2.0,0,0,0.0016666666666666668
4,0,0,0.0,2,1.0,3,22.0,0,0,0.0
4,0,0,0.5,1,0.5,0,25.0,0,0,0.0
3,0,0,0.0,1,1.0,0,20.0,0,0,0.0
5,2,3,3.0,2,0.0,8,40.0,1,0,0.25833333333333336
5,0,0,4.5,1,0.0,1,35.0,0,0,0.02
5,2,0,1.0,2,0.0,4,6.0,0,0,0.02666666666666667
5,5,3,4.5,2,0.0,1,8.0,1,0,0.3733333333333333
5,5,5,10.0,0,1.0,1,2.0,0,0,0.04833333333333334
5,2,1,1.0,2,1.0,5,15.0,0,0,0.17333333333333334
5,4,0,3.0,1,0.5,1,14.0,1,0,0.23844444444444446
4,1,2,3.0,1,0.0,2,1.0,0,0,0.07166666666666667
5,2,3,3.0,1,0.0,3,24.0,0,0,0.18166666666666664
5,1,5,4.0,1,0.0,3,10.0,0,0,0.04833333333333334
5,0,4,0.0,0,0.0,5,9.0,0,0,0.011666666666666667
1,0,0,0.0,0,0.0,0,14.0,0,0,0.0
3,0,0,0.0,3,0.0,1,20.0,0,0,0.0
3,0,0,0.0,2,0.0,2,12.0,0,0,0.0
3,0,0,2.0,0,0.0,3,4.0,0,0,0.0
5,0,0,0.0,2,0.0,6,31.0,0,0,0.0
3,3,0,1.5,2,0.0,2,8.0,0,0,0.015
5,0,1,2.0,1,0.0,0,7.0,0,0,0.0016666666666666668
5,3,3,3.0,1,0.5,3,23.0,0,0,0.1366666666666667
5,5,0,10.0,1,1.0,0,15.0,0,0,0.010555555555555556
1,0,0,0.0,2,0.0,4,1.0,0,0,0.0
5,3,7,1.0,2,0.0,7,16.0,0,0,0.47333333333333333
4,0,1,2.5,2,0.0,2,32.0,0,0,0.0033333333333333335
2,2,0,3.5,1,1.0,3,18.0,0,0,0.02666666666666667
3,0,0,1.0,0,0.0,1,6.0,0,0,0.0
5,5,0,10.0,1,1.0,3,12.0,0,0,0.0033333333333333335
5,5,4,5.0,1,0.0,4,21.0,0,0,0.06166666666666667
5,0,3,10.0,1,1.0,3,30.0,0,0,0.05333333333333334
5,0,0,3.5,4,0.5,0,1.0,0,0,0.021666666666666667
5,3,0,4.0,1,1.0,0,12.0,0,0,0.21055555555555558
5,1,0,5.0,1,0.0,0,28.0,0,0,0.19333333333333336
4,1,2,1.0,2,0.0,5,18.0,0,0,0.008333333333333333
4,0,0,0.0,2,0.0,3,14.0,0,0,0.0
5,2,3,4.0,1,0.0,2,20.0,1,0,0.21166666666666667
1,0,0,0.0,0,0.0,4,24.0,0,0,0.0
3,1,0,1.5,1,0.0,0,25.0,0,0,0.0016666666666666668
5,1,0,6.5,1,0.0,3,5.0,0,0,0.011944444444444445
5,5,2,9.5,1,1.0,0,7.0,0,0,0.02666666666666667
5,1,3,1.5,2,0.5,7,13.0,1,0,0.3127777777777778
5,0,0,3.0,1,0.0,1,46.0,0,0,0.0016666666666666668
4,0,0,0.0,0,1.0,3,13.0,0,0,0.0
3,2,0,0.0,2,0.0,2,5.0,0,0,0.0
5,5,3,7.0,1,0.0,8,7.0,0,0,0.16
1,0,0,0.0,1,0.0,0,20.0,0,0,0.0
4,2,0,3.0,3,0.0,5,2.0,0,0,0.11666666666666665
5,3,4,4.0,2,0.0,2,6.0,0,1,0.5579166666666667
4,1,2,3.5,3,0.5,0,7.0,0,0,0.14833333333333334
5,5,0,1.0,1,0.0,7,3.0,1,0,0.18666666666666668
5,5,0,3.5,3,0.0,3,6.0,0,0,0.3383333333333334
4,2,1,1.5,2,0.0,2,13.0,0,0,0.08
5,5,4,4.5,2,1.0,6,7.0,0,0,0.43
5,3,2,2.5,1,0.5,4,8.0,0,0,0.39972222222222226
5,5,0,0.0,1,1.0,3,16.0,0,0,0.09416666666666666
5,0,1,0.5,1,1.0,4,19.0,0,0,0.006666666666666667
3,0,0,1.0,1,1.0,0,2.0,0,0,0.0
5,5,2,2.0,1,0.0,3,45.0,1,0,0.21166666666666667
1,0,0,0.0,0,0.5,2,22.0,0,0,0.0
5,2,3,4.5,2,0.0,7,30.0,0,0,0.3233333333333333
1,0,0,1.5,2,0.0,3,5.0,0,0,0.0
5,1,2,5.5,0,0.0,5,3.0,0,0,0.14500000000000002
4,1,1,1.0,1,0.5,3,16.0,0,0,0.0033333333333333335
5,0,1,2.5,2,0.0,2,10.0,0,0,0.0016666666666666668
5,5,8,4.0,1,0.0,4,25.0,0,0,0.08666666666666667
5,5,0,3.0,1,0.5,0,24.0,0,0,0.3458333333333334
5,2,0,0.5,2,0.0,0,19.0,0,0,0.008333333333333333
3,0,0,0.0,1,0.0,5,11.0,0,0,0.0
5,1,4,0.0,1,0.0,2,30.0,0,0,0.08000000000000002
5,0,0,10.0,0,0.5,0,2.0,0,0,0.11666666666666665
3,0,0,0.0,2,0.0,1,14.0,0,0,0.0
4,3,5,0.0,3,0.0,7,20.0,1,1,0.7600000000000001
4,0,0,4.0,2,0.0,9,1.0,0,0,0.026666666666666672
3,3,0,0.0,1,0.0,0,20.0,0,0,0.0
3,3,2,3.5,3,0.0,4,1.0,0,1,0.61
1,0,0,0.0,2,0.0,3,13.0,0,0,0.0
5,5,4,6.5,1,0.0,0,37.0,0,0,0.10666666666666667
4,3,0,5.5,0,0.0,0,1.0,0,0,0.28833333333333333
5,1,3,5.5,3,1.0,7,25.0,0,0,0.41
4,0,3,2.0,1,0.0,2,35.0,0,0,0.0016666666666666668
5,1,1,10.0,1,0.5,0,8.0,0,0,0.13
5,3,11,0.5,2,1.0,9,23.0,0,0,0.33499999999999996
1,0,2,0.0,3,0.0,3,8.0,0,0,0.0
5,3,6,8.0,2,0.5,1,5.0,0,0,0.17833333333333334
5,5,6,10.0,1,0.0,4,30.0,0,0,0.04
3,1,0,0.0,2,0.0,3,20.0,0,0,0.0
5,1,1,3.0,0,0.5,0,1.0,0,0,0.035
5,2,5,6.5,2,0.0,6,10.0,0,0,0.19999999999999998
5,0,0,2.0,3,0.0,1,8.0,0,0,0.0033333333333333335
5,1,4,3.5,3,0.0,5,15.0,1,0,0.4266666666666667
3,0,0,1.0,1,0.0,0,24.0,0,0,0.0
4,1,0,2.0,1,0.5,0,7.0,0,0,0.0016666666666666668
4,2,3,2.0,1,0.0,3,21.0,1,0,0.2816666666666667
5,4,4,7.0,2,0.0,5,13.0,0,0,0.18666666666666668
5,1,0,1.0,1,0.0,0,11.0,0,0,0.0
5,5,4,5.0,1,0.0,4,22.0,0,0,0.11333333333333334
5,2,1,2.5,1,0.0,3,9.0,0,0,0.39747222222222217
1,0,0,1.5,1,0.0,1,24.0,0,0,0.0016666666666666668
4,5,0,2.5,1,0.0,5,30.0,1,0,0.38166666666666665
4,1,0,3.0,2,0.0,4,2.0,0,0,0.005
3,2,0,1.0,1,0.0,0,16.0,0,0,0.0
5,3,0,0.0,1,0.5,0,15.0,0,0,0.0033333333333333335
4,0,0,3.5,2,0.0,1,30.0,0,0,0.01
4,4,5,0.0,4,0.0,11,30.0,1,1,0.7583333333333334
3,0,0,2.5,2,0.5,3,13.0,0,0,0.0016666666666666668
5,5,11,10.0,1,0.0,13,10.0,0,0,0.008333333333333333
3,1,1,0.0,2,0.0,3,21.0,0,0,0.0
3,1,2,4.5,2,0.0,4,21.0,0,0,0.14666666666666667
5,1,3,2.5,2,0.0,4,18.0,0,0,0.15833333333333335
5,3,0,10.0,1,0.0,8,10.0,0,0,0.028333333333333332
4,0,0,2.5,1,0.0,2,30.0,0,0,0.0016666666666666668
5,4,4,0.0,2,0.0,2,29.0,1,0,0.4633333333333333
5,5,0,4.0,2,0.0,4,18.0,0,0,0.30974999999999997
5,2,4,3.0,2,0.5,3,25.0,1,0,0.41333333333333333
4,4,6,1.5,1,0.0,6,10.0,0,0,0.3499999999999999
5,2,0,6.5,2,0.0,4,3.0,0,0,0.39833333333333326
4,1,0,0.0,1,0.0,1,26.0,0,0,0.0
5,0,3,4.5,1,0.0,4,2.0,1,0,0.3425
4,4,0,0.5,1,0.5,0,26.0,0,0,0.005
5,4,0,5.5,3,1.0,0,8.0,0,0,0.215
2,4,0,3.0,2,0.0,2,12.0,0,0,0.10666666666666667
5,3,1,4.0,1,0.0,0,10.0,0,0,0.2283333333333333
3,0,0,1.5,1,0.0,5,21.0,0,0,0.0
5,1,10,1.5,4,0.0,3,6.0,1,1,0.7266666666666667
5,3,0,0.0,1,0.0,0,14.0,0,0,0.051666666666666666
4,5,0,3.5,1,0.0,2,6.0,1,0,0.25333333333333335
3,1,0,0.5,2,1.0,2,21.0,0,0,0.0016666666666666668
5,4,6,7.5,1,0.0,6,25.0,0,0,0.11166666666666665
4,1,2,0.0,1,0.0,4,35.0,0,0,0.005
5,1,8,3.0,1,0.0,3,6.0,0,0,0.295
5,2,0,3.0,1,0.0,1,9.0,0,0,0.2398888888888889
3,2,0,1.0,3,0.0,2,15.0,0,0,0.0
4,0,3,0.0,3,1.0,2,4.0,0,0,0.0033333333333333335
3,3,0,3.5,3,0.0,0,6.0,0,0,0.07500000000000001
4,0,1,0.0,1,0.0,4,17.0,0,0,0.0
5,5,7,2.0,1,0.5,2,14.0,0,0,0.2633333333333333
1,0,0,4.0,1,0.0,0,13.0,0,0,0.0016666666666666668
5,5,2,4.0,1,1.0,4,5.0,0,0,0.15666666666666665
4,3,4,4.5,2,0.0,2,14.0,1,0,0.445
5,1,1,2.0,0,0.0,1,9.0,0,0,0.01
3,2,0,0.0,1,0.0,3,30.0,0,0,0.0
4,0,0,3.0,1,0.0,0,19.0,0,0,0.0
5,3,4,4.5,3,0.0,5,30.0,0,1,0.6616666666666667
5,5,4,0.0,2,0.0,5,12.0,0,0,0.17833333333333332
5,4,3,1.0,2,0.0,3,26.0,0,1,0.5533333333333333
5,5,7,5.0,3,0.0,4,2.0,0,0,0.17333333333333334
3,1,3,0.0,2,0.5,3,10.0,0,0,0.013333333333333334
5,1,9,8.0,2,0.0,4,5.0,0,0,0.21166666666666667
4,0,8,0.0,2,0.0,3,15.0,0,0,0.2316666666666667
4,3,0,2.5,0,0.0,2,25.0,0,0,0.10166666666666668
5,2,0,0.0,2,1.0,1,23.0,0,0,0.05833333333333333
3,0,1,0.0,1,0.0,8,2.0,0,0,0.0016666666666666668
5,1,4,2.5,1,0.0,7,9.0,1,0,0.13666666666666666
1,0,0,0.0,1,0.0,0,20.0,0,0,0.0
5,3,8,6.5,1,0.0,5,35.0,0,0,0.15333333333333335
5,5,0,1.0,1,0.5,0,4.0,0,0,0.39333333333333337
5,0,3,0.0,3,0.5,3,1.0,0,0,0.03833333333333333
3,3,0,1.0,1,1.0,0,29.0,0,0,0.0
4,1,0,0.0,1,1.0,3,5.0,0,0,0.0
5,1,1,2.5,1,0.0,6,8.0,0,0,0.006666666666666667
3,0,0,1.0,2,0.0,1,25.0,0,0,0.0
4,3,0,2.5,2,0.5,3,18.0,0,0,0.30833333333333335
5,2,3,5.0,2,1.0,3,2.0,0,0,0.33499999999999996
5,1,3,2.0,2,1.0,1,12.0,0,0,0.165
5,5,1,10.0,4,0.0,4,100.0,0,0,0.20833333333333334
5,0,3,0.0,0,1.0,1,16.0,0,0,0.008333333333333333
2,1,2,0.0,1,1.0,4,11.0,0,0,0.0033333333333333335
3,0,0,0.0,0,0.5,0,5.0,0,0,0.0
4,1,5,3.5,3,0.0,3,1.0,1,0,0.49166666666666664
5,0,2,2.5,2,1.0,1,11.0,0,0,0.04666666666666667
3,0,0,0.5,1,0.5,1,16.0,0,0,0.0
4,3,0,0.0,2,0.0,0,14.0,0,0,0.021666666666666667
5,0,0,2.5,2,0.0,4,5.0,0,0,0.006666666666666667
4,4,3,3.5,3,0.5,3,9.0,1,1,0.6351666666666667
1,0,0,0.0,2,0.0,4,3.0,0,0,0.0
2,1,0,0.0,0,1.0,0,4.0,0,0,0.0
5,5,6,5.5,1,0.0,8,15.0,0,0,0.19333333333333333
1,0,0,0.0,3,0.0,0,2.0,0,0,0.0
5,5,8,5.0,1,0.0,5,5.0,0,0,0.24833333333333332
5,4,6,1.0,4,1.0,4,4.0,0,0,0.27666666666666667
5,0,0,0.0,0,0.5,0,39.0,0,0,0.0
5,5,4,9.5,2,0.0,7,5.0,0,0,0.02
5,5,8,3.5,2,0.5,3,20.0,0,0,0.4466666666666667
5,3,5,2.5,2,0.0,4,16.0,0,1,0.6916666666666665
5,5,0,2.5,0,0.0,1,7.0,0,0,0.155
5,0,2,2.5,1,0.0,3,9.0,0,0,0.01
5,4,4,3.0,3,0.5,4,4.0,1,0,0.2383333333333333
5,1,0,4.0,1,0.0,3,16.0,0,0,0.02666666666666667
5,5,8,6.0,1,0.0,6,6.0,0,0,0.105
4,2,1,0.5,2,0.5,8,10.0,0,0,0.07166666666666667
5,2,4,3.0,2,0.0,4,2.0,1,1,0.5874999999999999
5,0,5,0.0,1,1.0,6,27.0,0,0,0.07666666666666666
4,0,0,4.0,1,0.0,4,17.0,0,0,0.0016666666666666668
5,0,4,4.0,1,0.0,5,2.0,0,1,0.6683333333333333
4,2,0,0.0,0,1.0,5,6.0,0,0,0.03333333333333333
4,0,1,1.5,4,0.0,0,1.0,0,0,0.011666666666666667
5,5,4,4.5,3,0.0,2,30.0,0,0,0.21166666666666667
4,0,0,1.0,4,0.5,3,12.0,0,0,0.0033333333333333335
5,2,3,5.0,3,0.0,1,1.0,0,0,0.3358333333333334
5,0,0,1.0,1,0.5,0,22.0,0,0,0.0
5,5,8,3.5,3,0.0,5,3.0,0,0,0.25166666666666665
5,4,0,5.5,2,0.5,0,7.0,0,0,0.425
1,0,0,0.0,0,0.5,0,5.0,0,0,0.0
5,1,4,4.0,3,0.5,2,2.0,0,0,0.40166666666666667
5,2,2,4.0,1,0.0,5,10.0,0,0,0.395
4,2,3,1.5,3,0.5,2,14.0,0,1,0.5583333333333332
3,0,0,0.0,1,0.0,5,11.0,0,0,0.0
5,1,1,1.0,5,0.0,10,25.0,0,0,0.09500000000000001
5,1,2,2.5,1,0.0,3,25.0,0,0,0.37000000000000005
4,0,0,5.0,1,0.0,5,38.0,0,0,0.034999999999999996
5,2,1,5.0,1,0.5,1,4.0,0,0,0.18000000000000002
4,5,8,6.0,3,0.5,4,8.0,0,0,0.43333333333333335
4,0,0,2.5,1,0.0,0,30.0,0,0,0.0016666666666666668
5,5,2,10.0,0,1.0,1,8.0,0,0,0.021666666666666667
5,5,2,3.5,3,0.0,1,10.0,0,0,0.49833333333333335
3,0,0,0.0,0,1.0,0,48.0,0,0,0.0
4,1,1,0.0,2,0.0,3,30.0,0,0,0.0016666666666666668
4,1,0,1.0,2,0.0,1,16.0,0,0,0.0
4,2,0,1.5,1,0.0,3,32.0,0,0,0.015000000000000001
5,5,1,2.5,1,1.0,10,7.0,0,0,0.27
3,1,2,1.0,2,0.0,3,15.0,0,0,0.0
3,5,1,0.0,3,0.0,2,10.0,0,0,0.3833333333333333
5,4,4,3.0,2,0.0,3,15.0,1,0,0.2933333333333333
5,0,2,1.0,1,0.0,2,13.0,0,0,0.041666666666666664
5,5,11,10.0,3,0.5,4,30.0,0,0,0.06
1,0,0,0.0,1,0.5,1,18.0,0,0,0.0
4,0,2,1.0,0,0.0,5,7.0,0,0,0.006666666666666667
4,1,0,3.0,0,0.0,0,27.0,0,0,0.013333333333333334
5,2,5,4.0,1,0.0,4,19.0,1,0,0.2183333333333333
4,4,0,0.5,1,0.0,0,7.0,0,0,0.21333333333333335
5,4,0,3.5,1,1.0,0,3.0,0,0,0.3742420634920635
5,1,2,4.5,2,0.0,3,17.0,0,1,0.5883333333333334
5,1,0,2.0,0,0.5,1,20.0,0,0,0.005
4,0,4,2.0,2,0.0,0,30.0,0,0,0.04
4,0,0,3.5,3,0.0,2,10.0,0,0,0.0016666666666666668
5,3,0,0.0,2,0.0,2,10.0,0,0,0.021666666666666667
5,4,0,2.5,1,0.0,2,10.0,1,0,0.3466666666666667
5,0,0,1.5,2,0.0,3,18.0,0,0,0.0
5,5,2,0.0,1,0.0,1,15.0,1,0,0.3333333333333333
2,3,5,0.0,3,1.0,8,20.0,0,0,0.3466666666666667
4,3,3,4.0,4,0.5,5,16.0,1,1,0.7050000000000001
5,5,4,1.5,2,0.0,4,8.0,0,0,0.32666666666666666
5,1,0,8.5,1,1.0,0,5.0,0,0,0.013333333333333334
3,0,0,2.0,1,0.0,3,20.0,0,0,0.0
4,5,2,0.0,2,0.0,2,23.0,1,0,0.4366666666666667
5,5,8,4.0,1,0.0,5,29.0,0,0,0.20333333333333337
5,5,3,5.5,1,0.5,4,2.0,0,0,0.25666666666666665
5,0,0,0.0,0,0.0,0,4.0,0,0,0.0
5,5,2,4.0,3,1.0,8,21.0,1,0,0.28833333333333333
5,1,0,2.0,2,0.5,3,10.0,0,0,0.025000000000000005
5,5,0,1.0,1,0.0,2,17.0,0,0,0.2675
5,0,0,3.0,1,0.0,4,17.0,0,0,0.0033333333333333335
5,1,3,7.0,1,0.0,5,11.0,0,0,0.049166666666666664
5,5,6,3.5,2,0.0,4,14.0,1,0,0.2172222222222222
5,2,0,0.0,1,0.0,6,36.0,0,0,0.03833333333333333
3,1,2,0.5,2,0.0,1,33.0,0,0,0.0016666666666666668
5,0,1,1.0,2,0.5,6,2.0,0,0,0.015
5,5,0,3.5,3,1.0,3,5.0,1,0,0.38999999999999996
5,4,8,5.5,0,0.5,6,3.0,0,0,0.26
5,0,0,0.0,1,0.0,1,14.0,0,0,0.0
1,0,0,0.5,0,0.0,0,17.0,0,0,0.0
4,4,0,0.0,1,0.5,5,5.0,0,0,0.22666666666666666
1,0,0,0.0,1,0.0,1,7.0,0,0,0.0
5,5,7,5.0,3,0.0,8,10.0,1,1,0.55
5,1,3,2.0,1,0.0,2,10.0,0,0,0.225
5,5,0,4.0,1,0.0,4,11.0,1,0,0.3041785714285714
2,0,3,1.0,2,0.0,1,3.0,0,0,0.0033333333333333335
5,5,1,8.5,1,0.0,3,5.0,0,0,0.008333333333333333
3,2,4,0.0,2,0.0,7,14.0,0,0,0.18000000000000002
5,2,7,4.0,1,0.0,6,33.0,0,0,0.11833333333333335
3,3,1,1.0,2,1.0,2,4.0,0,0,0.041666666666666664
5,3,0,8.0,2,0.0,6,17.0,0,0,0.2783333333333333
4,2,3,2.0,2,0.5,3,15.0,0,0,0.4033333333333333
5,3,2,0.0,1,0.0,3,13.0,1,0,0.255
5,4,3,5.5,0,0.0,0,5.0,0,0,0.21
4,3,0,2.5,2,0.0,6,21.0,1,1,0.6216666666666667
5,1,0,4.5,1,0.0,0,2.0,0,0,0.07933333333333333
4,4,0,7.0,2,0.0,4,3.0,0,0,0.3283333333333333
5,0,1,7.0,1,0.0,6,38.0,0,0,0.11
5,2,7,4.0,3,0.0,4,2.0,0,1,0.5666666666666667
5,0,0,1.0,2,0.0,4,28.0,0,0,0.0033333333333333335
5,5,0,2.0,1,0.0,0,20.0,0,0,0.4255277777777778
4,0,1,2.5,2,0.0,2,13.0,0,0,0.005
5,5,9,2.5,1,1.0,5,15.0,0,0,0.38166666666666665
5,3,5,4.5,1,0.0,2,8.0,0,0,0.21666666666666667
3,1,1,0.0,0,0.0,5,17.0,0,0,0.0016666666666666668
5,2,0,4.0,1,1.0,0,14.0,1,0,0.3242777777777777
4,1,1,5.0,1,0.0,4,25.0,0,0,0.06333333333333334
5,0,0,0.0,0,0.0,0,2.0,0,0,0.0
5,0,0,2.0,1,0.0,2,4.0,0,0,0.0
4,0,0,0.0,0,1.0,0,12.0,0,0,0.0016666666666666668
5,2,0,4.5,1,1.0,2,30.0,0,0,0.3833333333333333
5,0,2,2.5,2,0.0,2,9.0,0,0,0.01
2,0,0,0.0,0,0.0,0,45.0,0,0,0.0
5,1,0,8.5,1,1.0,1,3.0,0,0,0.035
5,5,2,4.0,1,0.5,2,7.0,0,1,0.5316666666666666
5,0,1,2.0,3,0.0,4,2.0,0,0,0.01
5,2,0,4.0,1,0.0,5,3.0,0,0,0.2533333333333333
3,3,1,1.5,4,0.0,2,21.0,0,0,0.05833333333333333
5,5,2,1.0,2,0.5,5,5.0,1,0,0.24333333333333332
4,0,0,2.5,1,0.0,0,2.0,0,0,0.0033333333333333335
3,0,0,0.0,0,0.0,0,15.0,0,0,0.0
5,1,2,4.0,4,1.0,7,11.0,0,0,0.25499999999999995
5,0,0,3.5,0,0.0,3,34.0,0,0,0.006666666666666667
5,0,0,0.0,0,0.5,0,25.0,0,0,0.0016666666666666668
4,0,2,2.5,2,0.0,4,5.0,0,0,0.0033333333333333335
5,1,0,6.5,2,0.0,2,12.0,0,0,0.2816666666666667
4,0,3,2.0,2,1.0,3,6.0,0,0,0.025000000000000005
5,0,0,10.0,2,0.0,3,3.0,0,0,0.2816666666666667
3,0,2,0.0,2,0.5,0,8.0,0,0,0.0016666666666666668
5,1,6,1.5,4,0.5,4,1.0,1,1,0.7156666666666666
5,5,11,3.5,3,0.5,4,4.0,0,0,0.3566666666666667
5,0,0,3.0,1,0.0,2,4.0,0,0,0.0016666666666666668
3,0,0,4.0,0,0.0,1,10.0,0,0,0.006666666666666667
3,3,0,2.0,1,0.0,0,5.0,0,0,0.03333333333333333
5,1,0,3.5,2,1.0,2,3.0,0,0,0.02
5,0,3,2.0,2,0.0,2,17.0,0,0,0.045000000000000005
3,2,0,0.0,2,0.0,5,8.0,0,0,0.0
5,2,4,4.5,3,0.0,7,12.0,1,0,0.365
5,0,0,6.0,3,0.0,1,14.0,0,0,0.04666666666666667
5,1,4,4.0,0,0.0,1,24.0,0,0,0.29666666666666663
3,3,4,4.5,1,0.0,2,40.0,0,0,0.16333333333333333
5,0,3,4.5,2,0.0,5,4.0,0,0,0.2004166666666667
5,0,2,1.5,3,1.0,4,10.0,0,0,0.03
4,1,2,4.5,2,0.0,2,5.0,0,0,0.18500000000000003
5,4,3,5.5,2,0.0,2,2.0,0,0,0.29916666666666664
2,0,0,0.0,0,0.0,0,6.0,0,0,0.0
5,1,3,5.5,2,0.5,2,25.0,1,0,0.3516666666666666
5,5,2,5.0,1,0.5,2,2.0,0,0,0.15383333333333332
4,1,2,0.0,3,0.5,2,10.0,0,0,0.005
5,5,0,0.0,1,0.0,2,5.0,0,0,0.49833333333333335
5,2,3,4.5,1,0.0,3,1.0,0,0,0.17
5,3,0,1.5,1,0.0,3,25.0,0,0,0.06624999999999999
5,4,2,6.5,1,0.5,2,4.0,0,0,0.17833333333333334
5,5,3,3.0,3,0.0,4,28.0,0,0,0.32666666666666666
3,3,4,0.0,2,0.5,1,10.0,0,0,0.16666666666666666
4,0,1,3.0,1,1.0,3,2.0,0,0,0.01
4,1,6,2.5,2,0.0,2,27.0,0,0,0.26833333333333337
1,0,0,0.0,2,0.0,3,19.0,0,0,0.0
4,1,0,1.5,3,0.0,11,1.0,0,0,0.04083333333333333
5,5,8,10.0,1,0.5,4,3.0,0,0,0.018333333333333337
5,4,3,2.5,1,0.0,2,20.0,0,0,0.355
5,4,3,3.5,1,0.0,3,10.0,0,0,0.19833333333333333
2,0,0,0.0,0,1.0,0,17.0,0,0,0.0
4,1,9,3.0,4,0.0,7,15.0,1,1,0.505
5,4,0,0.0,1,0.0,2,19.0,1,1,0.6216666666666667
4,4,0,1.0,2,0.0,6,18.0,0,0,0.445
5,0,0,1.5,2,0.0,2,16.0,0,0,0.0016666666666666668
5,0,0,0.0,0,0.5,0,6.0,0,0,0.0
5,1,2,5.5,0,0.0,1,29.0,0,0,0.11
1,0,0,0.0,4,0.0,4,25.0,0,0,0.0
3,4,0,1.5,2,0.0,4,3.0,0,0,0.29833333333333334
5,3,9,5.5,1,0.0,4,23.0,0,0,0.20833333333333334
3,2,0,1.5,3,0.5,1,2.0,0,0,0.01
5,3,1,2.0,1,0.0,5,14.0,0,1,0.5916666666666667
5,5,6,6.0,3,0.0,4,18.0,0,0,0.22166666666666668
5,3,7,7.0,2,0.5,4,7.0,0,0,0.3333333333333333
5,5,1,0.0,1,1.0,1,10.0,0,0,0.035
4,2,5,1.5,4,1.0,11,18.0,0,1,0.6783333333333333
4,2,0,1.5,1,0.0,7,31.0,0,0,0.12333333333333334
5,0,1,2.0,1,0.0,0,3.0,0,0,0.008333333333333333
4,4,0,0.5,2,0.0,3,7.0,1,0,0.28833333333333333
5,2,10,8.0,1,1.0,11,20.0,0,0,0.17333333333333334
5,1,0,3.0,2,0.0,0,29.0,0,0,0.015
3,1,0,1.0,2,0.0,0,35.0,0,0,0.0
5,4,4,4.0,4,1.0,2,8.0,0,0,0.3633333333333333
5,5,1,3.0,2,0.5,0,24.0,0,0,0.47833333333333333
4,4,0,2.0,1,0.0,0,40.0,0,0,0.051666666666666666
5,1,4,3.0,2,0.5,2,10.0,0,1,0.5033333333333333
5,5,6,5.0,1,1.0,3,2.0,0,0,0.34400000000000003
5,0,0,0.0,0,0.5,0,5.0,0,0,0.0
5,0,0,2.0,2,0.0,3,23.0,0,0,0.0033333333333333335
5,0,3,2.5,1,0.0,5,15.0,0,0,0.10666666666666667
4,5,0,2.0,2,0.5,2,3.0,0,0,0.35666666666666663
5,5,2,4.0,2,0.0,2,7.0,0,1,0.5166666666666667
1,0,1,0.0,2,0.0,2,10.0,0,0,0.0
5,5,1,5.0,3,0.0,2,10.0,0,0,0.10333333333333333
4,2,3,2.0,1,0.5,5,15.0,1,0,0.3316666666666667
4,2,1,2.5,2,0.0,2,20.0,0,0,0.27166666666666667
5,0,4,1.0,2,0.5,3,4.0,0,0,0.05833333333333334
4,0,0,2.0,2,0.5,3,7.0,0,0,0.0016666666666666668
4,2,1,4.5,2,0.5,2,5.0,1,0,0.30833333333333335
4,0,2,1.0,3,0.0,2,4.0,0,0,0.0033333333333333335
5,0,1,2.5,4,1.0,3,15.0,0,0,0.023333333333333334
3,0,0,0.0,1,1.0,1,5.0,0,0,0.0
3,0,0,1.0,0,0.0,3,34.0,0,0,0.0
5,3,4,5.0,2,1.0,4,20.0,0,0,0.38833333333333336
4,4,2,0.5,2,0.0,2,4.0,1,1,0.5233333333333333
4,3,4,0.5,2,1.0,7,15.0,1,1,0.55
3,0,0,1.5,3,0.0,4,16.0,0,0,0.0
5,0,8,3.5,3,0.5,0,2.0,0,1,0.52
3,2,3,1.0,3,0.0,2,15.0,0,0,0.051666666666666666
5,2,0,3.0,2,0.0,5,17.0,0,1,0.5116666666666667
5,3,0,0.0,1,0.5,3,18.0,0,0,0.024999999999999998
5,0,0,6.5,2,1.0,1,5.0,0,0,0.11166666666666665
3,0,0,1.0,1,0.0,0,18.0,0,0,0.0
5,2,3,4.0,2,0.0,3,5.0,1,0,0.34388888888888886
0,4,0,4.0,1,1.0,0,8.0,0,0,0.07500000000000001
4,3,0,0.0,2,1.0,0,20.0,0,0,0.03611111111111111
5,5,2,2.0,2,0.0,4,36.0,0,0,0.19333333333333333
5,5,1,0.5,2,0.0,3,8.0,0,1,0.6333333333333333
5,3,3,0.5,4,1.0,3,5.0,1,1,0.5549999999999999
4,1,4,2.5,2,0.0,2,7.0,0,0,0.205
4,0,0,1.0,2,0.0,5,1.0,0,0,0.0
4,0,0,2.5,1,0.0,0,20.0,0,0,0.0016666666666666668
4,1,0,0.5,1,0.0,4,17.0,0,0,0.0
1,0,0,0.0,3,0.0,6,14.0,0,0,0.0
5,1,2,1.5,1,0.0,1,45.0,0,0,0.055
3,0,0,1.5,3,1.0,0,1.0,0,0,0.0
5,5,7,4.0,3,0.5,4,10.0,0,0,0.12833333333333333
5,2,2,2.5,2,0.0,1,30.0,1,0,0.29833333333333334
5,4,14,6.0,3,0.5,12,15.0,0,0,0.4083333333333334
3,3,0,0.0,2,0.0,4,25.0,0,0,0.013333333333333334
5,4,0,3.5,1,0.5,0,13.0,0,0,0.23311111111111113
4,4,1,3.5,2,0.0,9,27.0,1,1,0.6033333333333334
3,0,0,0.0,1,0.0,4,12.0,0,0,0.0
5,5,4,0.0,2,1.0,3,2.0,0,0,0.305
4,2,3,3.5,2,0.0,2,13.0,1,1,0.5616666666666666
5,0,0,0.0,0,0.0,0,18.0,0,0,0.006666666666666667
5,1,5,6.0,2,0.0,3,3.0,0,0,0.24166666666666667
4,2,0,2.0,1,0.0,0,6.0,0,0,0.015
5,2,0,3.0,1,0.0,2,9.0,0,0,0.25666666666666665
5,1,5,7.0,3,0.0,2,5.0,0,0,0.26
5,3,0,0.5,2,0.0,0,10.0,1,0,0.06236111111111111
4,5,0,10.0,1,0.0,0,50.0,0,0,0.049999999999999996
5,4,3,5.0,2,0.5,2,7.0,0,1,0.6227777777777778
5,5,1,3.5,4,0.0,1,4.0,0,0,0.33166666666666667
5,5,3,5.0,3,0.0,2,40.0,1,0,0.21666666666666667
5,0,0,0.0,0,0.5,5,15.0,0,0,0.0
5,5,7,10.0,0,1.0,6,20.0,0,0,0.018333333333333337
5,5,1,8.5,4,0.5,5,10.0,0,0,0.15333333333333332
5,4,2,6.5,4,0.0,5,4.0,1,0,0.285
4,2,3,2.5,2,0.0,3,15.0,0,0,0.4466666666666667
1,0,0,0.0,3,0.0,1,27.0,0,0,0.0
5,4,4,3.5,3,1.0,4,2.0,1,0,0.27166666666666667
5,2,1,1.5,1,0.0,5,2.0,0,0,0.09500000000000001
5,4,6,0.0,1,1.0,3,2.0,0,0,0.29000000000000004
3,1,0,0.0,2,1.0,4,17.0,0,0,0.0
4,0,1,0.5,1,0.0,2,18.0,0,0,0.0
5,1,2,4.5,2,0.5,3,2.0,0,0,0.31833333333333336
5,5,2,5.0,2,1.0,6,5.0,0,0,0.09833333333333334
5,2,2,0.0,3,0.0,4,9.0,0,0,0.1416666666666667
5,5,3,10.0,1,0.0,0,6.0,0,0,0.008333333333333333
5,5,3,2.0,3,0.5,5,30.0,1,1,0.5433333333333333
5,5,1,5.0,2,0.0,4,2.0,0,0,0.24138888888888888
5,3,1,6.0,2,1.0,3,40.0,1,0,0.19333333333333333
5,5,0,6.5,1,0.0,3,14.0,0,0,0.07166666666666667
4,0,3,2.0,1,0.0,7,31.0,0,0,0.03
3,0,0,2.0,4,0.0,3,1.0,0,0,0.0016666666666666668
4,0,4,3.0,3,0.0,5,2.0,0,0,0.09999999999999999
5,5,0,3.0,4,1.0,2,20.0,0,1,0.5233333333333334
2,1,0,10.0,0,0.0,0,2.0,0,0,0.043333333333333335
5,5,2,0.0,2,0.5,4,6.0,0,0,0.09333333333333332
4,4,1,0.0,2,0.0,8,19.0,1,1,0.7016666666666667
5,0,1,0.0,0,0.0,1,8.0,0,0,0.0
5,1,1,1.0,2,1.0,1,12.0,0,0,0.01
1,0,0,0.0,2,0.0,3,31.0,0,0,0.0
5,5,0,4.5,2,0.0,0,1.0,0,1,0.5254166666666668
2,0,0,0.0,2,1.0,0,3.0,0,0,0.0
5,3,1,4.5,3,0.0,1,4.0,0,0,0.385
5,5,4,0.0,1,0.5,6,11.0,0,0,0.20333333333333334
5,5,4,4.0,1,0.0,9,10.0,0,1,0.5733333333333334
5,3,0,1.0,1,0.0,1,50.0,0,0,0.135
5,5,0,6.5,1,0.0,10,14.0,0,0,0.025000000000000005
5,2,5,7.0,1,0.5,5,12.0,0,0,0.02666666666666667
5,5,0,0.5,1,0.0,6,35.0,0,1,0.5358333333333333
5,5,4,5.0,2,1.0,2,16.0,1,0,0.18833333333333332
5,1,0,0.5,1,0.0,2,12.0,0,0,0.0016666666666666668
5,2,3,9.5,3,0.5,3,4.0,0,0,0.08166666666666667
5,5,1,2.5,2,0.0,4,3.0,0,0,0.4458333333333333
5,4,6,4.0,3,0.5,6,22.0,0,1,0.5933333333333333
4,2,0,2.5,3,0.0,0,13.0,0,0,0.07166666666666667
4,0,1,1.5,2,0.0,4,2.0,0,0,0.0
5,0,1,3.5,2,1.0,3,9.0,0,0,0.016666666666666666
3,2,0,0.5,2,0.0,1,45.0,0,0,0.0016666666666666668
4,1,2,3.5,2,0.0,6,6.0,0,0,0.05499999999999999
4,2,0,0.0,0,0.5,0,16.0,0,0,0.021666666666666667
4,2,0,1.0,2,0.0,4,34.0,0,0,0.013333333333333334
5,5,0,1.0,0,0.0,1,10.0,0,0,0.22666666666666666
5,2,1,4.0,1,0.5,3,4.0,1,0,0.3516666666666666
5,5,8,7.0,3,0.0,11,1.0,0,0,0.23666666666666666
5,5,3,9.0,1,0.5,3,17.0,0,0,0.05333333333333334
2,0,0,0.0,0,0.0,0,13.0,0,0,0.0
5,0,4,5.0,4,0.0,2,1.0,0,1,0.6150000000000001
5,5,0,2.0,2,0.0,1,7.0,0,0,0.2733333333333334
5,1,2,4.5,2,1.0,4,20.0,1,0,0.27166666666666667
5,1,3,0.0,1,1.0,0,10.0,0,0,0.08166666666666667
5,5,8,5.0,3,0.0,12,22.0,1,0,0.3983333333333334
4,4,0,2.5,2,0.0,1,17.0,0,0,0.24349999999999997
4,1,4,1.0,1,0.0,3,15.0,0,0,0.025000000000000005
1,0,0,0.0,2,0.0,2,4.0,0,0,0.0
5,1,10,4.0,3,0.0,9,4.0,1,1,0.625
5,0,4,3.5,1,0.0,0,11.0,1,0,0.27166666666666667
3,1,0,1.0,2,0.0,4,23.0,0,0,0.0
5,2,4,5.0,0,0.0,3,13.0,0,0,0.165
5,0,1,1.0,1,0.0,2,20.0,0,0,0.0016666666666666668
5,4,4,3.5,2,0.0,2,15.0,1,1,0.5100000000000001
3,3,0,0.5,0,0.0,4,23.0,0,0,0.0
5,5,9,6.5,2,0.0,8,5.0,0,0,0.11333333333333333
5,0,3,1.5,1,1.0,6,7.0,0,0,0.09166666666666667
5,2,0,3.0,1,0.0,0,10.0,1,0,0.20544444444444443
5,5,4,0.0,2,0.0,6,7.0,1,0,0.20666666666666667
5,0,0,2.0,0,0.0,0,7.0,0,0,0.0
4,1,0,0.5,3,0.5,3,4.0,0,0,0.0
3,1,0,3.0,3,0.5,2,7.0,0,0,0.0033333333333333335
5,0,0,0.0,0,0.0,0,12.0,0,0,0.0
5,4,2,2.0,2,1.0,2,7.0,0,0,0.425
5,2,0,2.5,3,0.0,1,2.0,1,0,0.26
3,2,1,0.0,2,0.0,2,12.0,0,0,0.005
4,1,0,1.5,1,0.0,3,17.0,0,0,0.0
3,0,2,0.5,3,1.0,1,6.0,0,0,0.0016666666666666668
1,0,0,2.5,2,0.0,0,37.0,0,0,0.005
5,0,0,0.5,0,1.0,2,22.0,0,0,0.0033333333333333335
1,0,1,0.0,1,0.0,4,21.0,0,0,0.0
5,4,4,5.0,2,0.0,4,27.0,0,0,0.2816666666666667
3,0,2,0.0,0,0.0,2,10.0,0,0,0.0016666666666666668
5,4,3,2.0,2,0.0,2,4.0,0,1,0.5266666666666667
5,3,0,6.0,2,0.5,2,22.0,0,0,0.16333333333333333
5,1,5,6.0,1,0.0,6,6.0,0,0,0.043333333333333335
5,1,0,3.0,2,1.0,6,7.0,0,0,0.041666666666666664
5,3,8,4.5,1,0.5,6,6.0,0,0,0.2783333333333334
4,4,1,3.0,1,0.0,4,11.0,0,1,0.5261111111111111
1,0,0,0.0,2,0.0,0,4.0,0,0,0.0
5,0,3,4.5,2,0.5,7,5.0,0,0,0.2966666666666667
3,2,1,1.0,2,0.0,1,21.0,0,0,0.0
1,0,0,0.0,0,0.0,4,16.0,0,0,0.0
3,0,0,0.0,0,0.0,3,10.0,0,0,0.0
5,3,2,0.0,1,1.0,4,30.0,0,0,0.16333333333333333
3,1,10,1.5,2,0.5,7,15.0,1,0,0.4566666666666666
5,1,3,3.5,3,0.0,3,3.0,1,1,0.5233333333333333
4,1,3,2.5,1,0.5,2,40.0,0,0,0.09333333333333334
5,0,2,4.0,1,1.0,5,14.0,0,0,0.08166666666666667
1,0,0,1.0,0,0.0,0,45.0,0,0,0.0016666666666666668
3,0,6,0.0,2,0.0,5,15.0,0,0,0.05000000000000001
3,1,0,0.0,0,0.0,3,6.0,0,0,0.0
5,1,2,2.0,1,1.0,4,12.0,0,0,0.085
5,4,3,2.5,2,0.0,1,14.0,0,0,0.37083333333333335
5,5,0,4.5,2,0.5,1,7.0,1,0,0.07
5,4,3,5.5,3,0.0,5,3.0,1,0,0.33666666666666667
3,2,2,1.0,1,0.5,3,20.0,0,0,0.02666666666666667
5,2,4,2.0,1,1.0,4,24.0,0,0,0.26333333333333336
4,0,0,2.0,1,0.0,0,12.0,0,0,0.0
5,0,0,0.0,0,0.5,0,11.0,0,0,0.0016666666666666668
5,5,6,1.0,1,0.0,8,8.0,1,0,0.19999999999999998
5,5,3,8.0,2,0.0,3,2.0,0,0,0.09500000000000001
5,0,2,0.0,0,1.0,4,25.0,0,0,0.005
1,0,0,0.0,3,0.0,0,14.0,0,0,0.0
4,3,3,0.0,1,0.0,7,25.0,1,1,0.5383333333333333
4,0,0,1.0,2,0.0,0,3.0,0,0,0.0
5,5,5,5.5,1,0.5,5,5.0,0,0,0.17833333333333334
5,0,0,3.5,1,0.0,0,19.0,0,0,0.0033333333333333335
5,0,3,1.5,0,0.0,1,41.0,0,0,0.06
3,0,0,1.0,1,0.0,4,16.0,0,0,0.0
5,2,0,2.0,1,0.5,5,10.0,0,0,0.07166666666666667
3,0,8,0.5,4,0.0,7,5.0,0,0,0.11
5,0,8,4.5,1,1.0,3,8.0,0,0,0.19499999999999998
3,2,0,0.0,1,0.5,1,4.0,0,0,0.0
4,1,3,2.5,2,0.5,3,16.0,0,0,0.15833333333333335
1,0,0,0.0,2,0.0,2,2.0,0,0,0.0
5,5,4,6.0,1,0.0,6,25.0,0,0,0.085
5,2,0,6.0,1,0.5,2,5.0,0,0,0.27166666666666667
5,1,2,5.5,2,0.5,8,10.0,0,0,0.18666666666666665
3,0,1,0.0,2,0.0,7,27.0,0,0,0.0016666666666666668
5,4,0,3.0,1,0.0,1,4.0,0,0,0.15333333333333335
5,0,1,0.0,0,1.0,0,15.0,0,0,0.008333333333333333
4,1,0,2.5,1,0.0,1,6.0,0,0,0.006666666666666667
4,4,1,3.5,2,0.0,6,5.0,1,1,0.5466666666666666
4,0,0,1.5,1,0.0,0,26.0,0,0,0.0016666666666666668
5,2,3,5.0,2,0.0,3,5.0,0,1,0.6140793650793651
5,5,4,2.0,2,0.0,1,10.0,0,0,0.3233333333333333
5,0,2,1.5,2,0.0,2,27.0,0,0,0.015
5,0,0,0.0,0,0.0,0,5.0,0,0,0.0
3,1,0,3.0,1,0.0,0,5.0,0,0,0.0033333333333333335
5,0,0,1.0,2,0.5,2,10.0,0,0,0.0016666666666666668
1,0,1,0.0,1,0.0,3,3.0,0,0,0.0
5,0,0,0.0,0,0.5,0,8.0,0,0,0.0
5,0,2,0.0,2,1.0,4,20.0,0,0,0.01
3,1,0,0.5,1,0.0,0,26.0,0,0,0.0
5,4,5,3.0,1,0.5,7,25.0,0,0,0.17833333333333332
5,0,3,6.0,2,0.0,2,18.0,0,0,0.4466666666666667
5,0,2,5.5,2,0.0,3,13.0,1,0,0.19333333333333333
5,5,6,7.0,1,0.0,6,12.0,0,0,0.04833333333333334
5,4,2,2.5,2,0.5,4,33.0,0,1,0.5533333333333332
4,0,5,3.0,2,0.0,1,2.0,0,0,0.25666666666666665
3,0,0,1.5,3,0.0,2,16.0,0,0,0.0
2,2,1,0.5,1,0.0,3,22.0,0,0,0.0016666666666666668
5,2,2,9.0,1,0.0,4,14.0,0,0,0.04666666666666667
4,0,0,0.0,0,0.0,3,32.0,0,0,0.0
4,4,0,4.0,1,1.0,1,14.0,0,0,0.15666666666666665
5,4,0,9.0,4,0.0,9,2.0,0,0,0.19000000000000003
4,3,0,1.5,2,0.0,7,20.0,0,0,0.25166666666666665
4,1,0,3.5,2,0.0,2,10.0,0,0,0.01
5,4,2,2.0,2,0.0,5,21.0,0,0,0.25166666666666665
5,5,2,0.0,2,0.5,1,7.0,0,0,0.215
5,1,8,6.0,1,0.5,4,9.0,1,0,0.24333333333333332
5,5,3,6.0,2,0.5,6,9.0,0,0,0.21333333333333335
5,1,4,2.5,3,0.0,0,30.0,0,0,0.24833333333333332
4,3,0,0.5,2,0.0,1,4.0,0,0,0.04499999999999999
5,0,1,0.0,2,0.5,3,21.0,0,0,0.0033333333333333335
5,1,3,5.0,1,1.0,2,19.0,0,0,0.14333333333333334
5,2,1,6.5,2,0.0,1,20.0,1,0,0.39333333333333337
2,0,0,0.0,0,0.0,0,5.0,0,0,0.0
2,0,0,0.0,0,1.0,0,28.0,0,0,0.0
4,3,0,3.5,2,0.0,1,20.0,1,0,0.48016666666666663
4,4,3,0.0,1,0.5,5,2.0,1,0,0.44333333333333336
1,0,0,1.0,1,0.0,2,14.0,0,0,0.0
3,0,0,3.0,0,1.0,0,11.0,0,0,0.0
1,0,0,0.0,0,0.0,0,11.0,0,0,0.0
5,5,5,4.5,2,0.0,2,18.0,1,0,0.18333333333333335
1,0,2,0.0,2,0.5,9,33.0,0,0,0.0
5,5,11,0.0,0,0.0,6,18.0,0,0,0.12166666666666666
4,4,0,1.0,3,0.0,4,12.0,1,0,0.27666666666666667
5,0,0,0.0,2,0.0,2,6.0,0,0,0.0
3,3,3,1.5,1,0.0,6,20.0,0,0,0.3016666666666667
5,1,2,3.0,1,0.5,0,35.0,0,0,0.2683333333333333
1,0,2,0.0,2,0.0,4,12.0,0,0,0.0
5,0,4,0.0,3,0.0,3,2.0,0,0,0.06333333333333334
5,4,2,3.5,2,0.0,1,14.0,0,1,0.6233333333333334
5,5,9,10.0,1,0.0,6,30.0,0,0,0.03333333333333333
4,1,0,1.0,0,0.0,0,16.0,0,0,0.0
5,2,0,3.0,2,0.5,1,3.0,1,0,0.41
5,5,1,2.0,2,0.0,3,8.0,0,0,0.37833333333333335
5,1,0,4.0,2,0.0,0,7.0,0,0,0.01
1,0,0,0.0,2,0.0,3,15.0,0,0,0.0
5,5,4,10.0,3,1.0,6,10.0,0,0,0.07333333333333335
5,5,8,3.5,3,0.0,6,7.0,0,0,0.29333333333333333
3,0,0,0.0,2,0.0,1,15.0,0,0,0.0
2,0,0,2.0,1,1.0,3,4.0,0,0,0.0
5,1,2,4.0,2,0.0,2,23.0,1,0,0.19666666666666666
5,1,4,3.5,2,0.0,4,7.0,0,0,0.36000000000000004
4,3,0,5.0,1,0.0,3,15.0,0,0,0.16
5,0,0,3.5,2,0.0,2,3.0,0,0,0.0016666666666666668
2,0,0,0.5,2,0.0,0,6.0,0,0,0.0
1,0,0,0.0,4,0.0,0,20.0,0,0,0.0
1,0,0,0.0,0,0.0,0,45.0,0,0,0.0
5,5,11,7.5,0,0.0,10,3.0,0,0,0.03
3,2,1,1.5,2,0.5,4,8.0,0,0,0.021666666666666667
3,2,0,1.0,1,0.0,0,6.0,0,0,0.0016666666666666668
4,3,2,1.5,2,0.0,7,7.0,1,0,0.4916666666666667
4,0,0,1.5,3,1.0,3,20.0,0,0,0.005
2,2,0,1.5,2,0.0,7,8.0,0,0,0.0
5,4,3,6.5,1,0.0,8,8.0,0,0,0.16666666666666666
5,0,2,1.5,2,0.0,4,21.0,0,0,0.016666666666666666
5,3,5,5.5,1,1.0,7,9.0,0,0,0.23666666666666666
5,2,2,4.0,2,0.0,4,5.0,0,0,0.3433333333333333
5,0,0,6.0,1,0.0,0,13.0,0,0,0.0016666666666666668
5,5,4,3.0,3,0.0,4,3.0,1,0,0.2916666666666667
4,4,0,3.5,2,0.5,4,4.0,0,0,0.4066666666666667
4,2,0,1.0,2,0.5,4,12.0,0,0,0.006666666666666667
5,0,0,2.0,3,0.0,4,3.0,0,0,0.008333333333333333
5,5,0,4.5,2,1.0,1,6.0,0,0,0.165
4,0,2,1.0,1,0.5,5,15.0,0,0,0.0033333333333333335
5,5,2,2.5,2,0.0,9,2.0,0,0,0.2833333333333334
4,2,5,0.5,2,0.5,4,20.0,1,0,0.49333333333333335
5,2,2,2.5,2,0.5,2,3.0,0,0,0.4183333333333333
5,5,4,7.0,2,1.0,8,5.0,1,0,0.13166666666666668
5,0,0,2.5,2,0.0,2,7.0,0,0,0.008333333333333333
2,0,0,0.0,2,0.0,2,28.0,0,0,0.0
5,2,0,2.5,1,0.0,3,13.0,0,0,0.4633333333333334
1,0,0,0.0,4,1.0,2,6.0,0,0,0.0
5,1,7,2.5,3,1.0,3,7.0,1,0,0.44
5,0,2,4.0,1,0.0,5,13.0,0,0,0.1366666666666667
5,2,1,0.0,2,0.0,0,2.0,0,0,0.125
5,0,1,1.5,1,0.0,2,7.0,0,0,0.0016666666666666668
5,3,0,2.5,1,0.0,2,26.0,0,0,0.26833333333333337
5,0,5,2.0,4,1.0,0,3.0,0,0,0.25
5,5,1,2.0,1,0.0,1,4.0,0,0,0.43583333333333335
5,5,5,2.5,2,0.0,5,15.0,1,0,0.16166666666666665
3,0,2,0.5,2,0.0,3,8.0,0,0,0.0
5,1,2,3.0,4,0.0,2,8.0,0,0,0.295
5,3,0,4.5,3,0.0,0,8.0,1,1,0.525
4,1,2,0.5,2,0.0,5,20.0,0,0,0.0033333333333333335
5,0,0,6.5,3,0.0,1,6.0,0,0,0.04
5,5,0,6.0,1,0.5,4,2.0,0,0,0.10333333333333335
4,4,3,3.5,2,0.0,3,10.0,1,0,0.34613888888888883
5,5,4,3.5,2,0.0,4,4.0,1,1,0.515
5,2,2,1.5,1,1.0,5,37.0,1,0,0.25666666666666665
4,2,3,6.0,2,0.0,2,2.0,1,0,0.34
5,0,0,3.0,3,0.0,2,1.0,0,0,0.006666666666666667
4,2,5,0.5,3,0.5,5,3.0,0,1,0.5983333333333333
5,5,9,6.0,2,0.0,4,2.0,0,0,0.19833333333333333
5,4,1,1.0,3,0.0,1,1.0,1,0,0.48
5,4,2,2.0,1,0.0,3,3.0,0,0,0.4666666666666666
3,0,2,0.5,2,0.5,0,20.0,0,0,0.0033333333333333335
3,2,0,0.0,0,0.0,0,35.0,0,0,0.0
3,1,3,2.5,1,0.0,4,18.0,0,0,0.05499999999999999
5,0,1,3.5,3,1.0,6,13.0,0,0,0.045000000000000005
1,0,0,0.0,1,0.0,4,38.0,0,0,0.0
5,2,7,4.0,1,0.0,2,18.0,0,0,0.08333333333333333
3,4,0,1.5,2,0.0,6,9.0,0,0,0.09999999999999999
5,0,0,3.0,1,0.0,3,1.0,0,0,0.030000000000000002
1,0,0,0.0,3,0.0,0,4.0,0,0,0.0
1,0,0,0.0,1,0.0,4,7.0,0,0,0.0
5,3,1,3.0,1,1.0,5,35.0,1,0,0.31833333333333336
5,0,0,2.0,0,1.0,0,1.0,0,0,0.008333333333333333
2,1,1,2.5,2,0.0,1,13.0,0,0,0.0
5,2,3,3.0,0,0.0,4,15.0,0,0,0.2916666666666667
1,0,0,0.5,1,0.0,2,3.0,0,0,0.0
5,1,1,1.0,2,0.0,2,9.0,0,0,0.0033333333333333335
5,1,0,4.5,1,0.0,3,35.0,0,0,0.10999999999999999
5,2,1,4.0,1,0.0,4,15.0,1,0,0.39999999999999997
3,2,0,1.5,2,0.0,3,6.0,0,0,0.005
5,2,0,3.0,1,0.0,2,2.0,0,0,0.37666666666666665
1,0,0,0.0,3,0.0,3,9.0,0,0,0.0
5,2,4,2.0,1,0.0,3,8.0,1,0,0.19000000000000003
4,2,0,0.5,1,0.5,2,14.0,0,0,0.006666666666666667
5,2,1,1.5,2,0.0,1,10.0,0,1,0.5416666666666666
4,3,0,1.5,1,0.5,2,3.0,0,0,0.12666666666666668
3,3,0,0.5,2,0.0,3,32.0,0,0,0.01
5,0,2,5.0,1,0.0,2,33.0,0,0,0.33166666666666667
4,2,1,3.0,2,0.0,3,30.0,0,0,0.24333333333333332
5,2,0,1.5,1,0.0,2,19.0,0,0,0.021666666666666667
5,5,9,4.0,4,0.0,4,20.0,0,1,0.5066666666666667
3,0,0,0.0,1,0.0,5,1.0,0,0,0.0
4,0,0,0.0,0,0.5,0,31.0,0,0,0.0
5,5,0,1.0,2,1.0,6,4.0,0,0,0.28333333333333327
4,1,6,1.0,2,1.0,5,20.0,0,1,0.5966666666666666
5,5,0,3.5,2,0.0,3,5.0,0,0,0.17333333333333334
5,3,5,4.5,2,0.0,3,20.0,0,0,0.24
3,2,1,1.0,2,0.0,6,17.0,0,0,0.006666666666666667
5,2,0,3.5,2,0.0,3,6.0,0,0,0.4266666666666667
4,0,2,1.0,2,0.0,4,8.0,0,0,0.0
5,1,2,3.0,1,0.0,6,7.0,0,0,0.08833333333333333
5,5,4,3.5,1,0.0,4,13.0,1,0,0.2587777777777778
1,0,0,0.0,0,0.0,0,25.0,0,0,0.0
5,1,3,6.5,2,0.0,4,5.0,1,0,0.08375
2,1,0,0.0,2,0.0,2,20.0,0,0,0.0
5,5,3,4.5,2,0.0,6,3.0,0,0,0.48333333333333334
2,0,0,0.0,0,0.0,0,40.0,0,0,0.0
5,1,1,6.0,2,1.0,1,9.0,0,0,0.2383333333333333
5,4,0,3.5,3,0.0,0,4.0,0,0,0.12833333333333333
5,0,1,0.0,1,0.0,0,1.0,0,0,0.0033333333333333335
5,5,0,4.5,2,0.5,0,2.0,1,0,0.375
5,0,1,0.0,1,0.0,3,30.0,0,0,0.0
5,5,2,3.5,1,0.5,2,23.0,1,0,0.25
5,3,3,2.0,3,0.5,3,20.0,0,1,0.6583333333333333
4,2,6,0.0,2,0.5,4,5.0,1,0,0.4683333333333333
5,0,5,4.0,2,1.0,3,8.0,1,0,0.30666666666666664
5,5,3,5.0,2,0.5,2,9.0,0,0,0.24333333333333332
5,0,0,2.5,2,0.0,3,4.0,0,0,0.0
5,5,2,9.0,1,0.0,6,15.0,0,0,0.03833333333333334
1,0,0,0.0,0,0.5,0,4.0,0,0,0.0
5,0,5,1.5,4,0.0,3,2.0,1,1,0.87
3,0,0,5.0,1,0.0,4,10.0,0,0,0.011666666666666667
5,5,2,6.0,2,0.0,2,9.0,0,0,0.09833333333333334
4,0,2,0.5,2,0.5,2,12.0,0,0,0.0
5,0,0,2.0,1,0.0,4,30.0,0,0,0.006666666666666667
5,3,3,2.0,1,0.0,5,11.0,0,0,0.36833333333333335
4,0,0,0.0,1,0.0,0,2.0,0,0,0.0
5,2,4,4.0,2,0.5,2,7.0,0,0,0.38166666666666665
4,1,2,2.5,2,1.0,5,19.0,0,0,0.05833333333333333
5,1,5,0.0,1,0.0,3,10.0,1,0,0.07833333333333335
5,0,1,3.5,0,0.0,3,9.0,0,0,0.005
3,0,0,0.0,1,0.5,2,20.0,0,0,0.0
5,0,0,1.0,4,0.5,6,16.0,0,0,0.02
5,5,11,3.0,2,1.0,5,8.0,1,0,0.43500000000000005
5,0,0,0.0,0,0.0,0,5.0,0,0,0.0
5,2,4,5.5,3,0.0,1,7.0,0,1,0.5111111111111111
5,2,7,0.5,2,0.5,8,10.0,0,0,0.445
3,0,0,0.0,3,0.0,5,2.0,0,0,0.0
2,5,0,5.0,3,0.0,3,29.0,0,0,0.21333333333333335
5,5,0,3.5,1,0.0,1,6.0,1,0,0.13388888888888892
3,3,0,10.0,1,1.0,0,11.0,0,0,0.026666666666666672
5,2,5,5.0,1,0.0,8,9.0,0,0,0.19000000000000003
5,0,0,9.0,0,0.0,0,18.0,0,0,0.03833333333333333
5,2,4,5.0,1,1.0,4,7.0,0,0,0.18333333333333335
1,0,0,0.0,1,0.0,0,3.0,0,0,0.0
5,1,0,0.0,1,0.0,1,19.0,0,0,0.0016666666666666668
5,0,0,2.0,1,0.0,2,15.0,0,0,0.0
5,2,6,5.5,3,0.0,8,4.0,1,1,0.6466666666666667
5,5,8,7.5,2,0.0,4,4.0,0,0,0.065
5,5,6,6.0,2,0.0,4,3.0,0,0,0.16833333333333333
5,5,10,7.0,1,0.0,5,21.0,0,0,0.06666666666666667
4,1,7,9.0,1,1.0,3,4.0,0,0,0.27333333333333326
5,0,0,2.0,2,0.0,3,5.0,0,0,0.0016666666666666668
4,1,0,6.0,1,0.0,1,4.0,0,0,0.008333333333333333
5,0,3,4.0,1,0.0,2,10.0,0,0,0.22
4,0,1,3.5,1,0.0,0,7.0,0,0,0.005
5,3,10,2.5,2,0.0,7,5.0,0,0,0.48
5,0,0,5.5,1,0.0,2,7.0,0,0,0.011666666666666665
5,1,0,8.0,1,0.0,3,4.0,0,0,0.018611111111111113
5,1,1,6.0,0,0.5,3,18.0,1,0,0.07
4,0,0,0.0,2,0.0,2,14.0,0,0,0.0
4,2,1,2.5,2,1.0,0,11.0,0,0,0.34166666666666673
5,5,7,2.5,1,1.0,8,5.0,1,0,0.26499999999999996
5,5,3,4.5,2,0.5,2,6.0,0,0,0.255
5,4,3,7.5,2,0.5,2,8.0,1,0,0.27333333333333326
3,0,0,0.0,3,1.0,2,5.0,0,0,0.0
5,3,3,2.5,1,0.5,2,12.0,0,0,0.375
1,0,0,0.0,4,0.0,2,1.0,0,0,0.0
5,1,4,0.0,0,0.0,2,3.0,0,0,0.075
5,4,1,4.5,2,0.0,2,27.0,0,1,0.6633333333333334
5,5,7,8.5,2,0.5,5,22.0,0,0,0.11166666666666665
5,5,5,3.5,1,0.0,5,13.0,0,0,0.4766666666666666
4,0,1,2.0,1,0.0,4,11.0,0,0,0.005
5,4,6,7.0,1,1.0,11,1.0,0,0,0.23500000000000001
5,0,0,0.0,0,0.0,0,6.0,0,0,0.0
4,3,1,0.5,2,0.0,1,30.0,0,0,0.19000000000000003
5,2,0,9.5,3,0.0,1,4.0,0,0,0.11833333333333333
5,5,0,3.0,2,0.0,6,35.0,1,0,0.3516666666666666
5,1,6,1.5,3,0.0,6,7.0,0,1,0.6783333333333333
5,1,0,6.0,2,1.0,0,11.0,0,0,0.028333333333333332
5,1,1,3.5,2,0.0,3,15.0,0,1,0.6083333333333334
5,0,0,2.5,1,0.0,2,27.0,0,0,0.0
4,3,2,1.5,4,0.0,2,23.0,1,1,0.7716666666666666
5,2,0,4.5,1,0.5,3,5.0,0,0,0.3033333333333333
4,4,0,2.0,3,0.0,3,25.0,1,1,0.535
5,0,0,0.0,0,1.0,0,25.0,0,0,0.0
5,3,1,2.5,2,0.5,3,15.0,0,1,0.5933333333333333
4,1,2,0.0,0,0.5,1,9.0,0,0,0.01
5,5,8,0.0,1,0.0,6,2.0,1,0,0.12666666666666668
5,1,7,1.5,2,0.5,4,15.0,0,0,0.4666666666666666
4,1,0,5.0,3,0.0,1,3.0,0,0,0.034999999999999996
5,5,3,2.0,2,1.0,1,11.0,1,0,0.19166666666666668
3,0,1,2.5,1,0.0,5,5.0,0,0,0.0016666666666666668
5,5,1,2.0,3,0.0,1,9.0,1,0,0.41
5,5,4,5.5,1,0.0,12,5.0,0,0,0.2833333333333333
4,0,1,1.0,2,0.5,1,2.0,0,0,0.005
4,0,3,2.0,3,0.5,2,7.0,0,0,0.02666666666666667
5,5,3,2.5,1,0.5,4,6.0,0,0,0.145
5,5,11,7.5,1,0.5,5,2.0,0,0,0.036666666666666674
2,2,0,2.0,1,0.0,1,10.0,0,0,0.0
3,0,5,2.0,2,0.0,0,29.0,0,0,0.05666666666666667
4,1,1,7.0,1,0.0,2,16.0,0,0,0.09833333333333334
4,0,0,2.0,1,0.0,2,35.0,0,0,0.0
1,0,0,0.0,2,0.0,2,29.0,0,0,0.0
4,0,2,5.0,2,0.0,0,11.0,0,0,0.19000000000000003
4,0,3,0.0,3,0.0,7,19.0,0,0,0.021666666666666667
3,3,0,1.0,1,0.0,3,30.0,0,0,0.0033333333333333335
3,0,8,0.0,3,0.0,5,10.0,0,0,0.11666666666666668
1,0,0,1.0,1,0.0,1,30.0,0,0,0.0
1,0,0,0.0,2,0.0,0,15.0,0,0,0.0
5,1,0,0.0,0,0.0,2,7.0,0,0,0.0
2,1,0,0.0,0,0.0,0,21.0,0,0,0.0
5,1,2,10.0,4,1.0,8,5.0,0,0,0.11333333333333333
5,5,0,4.5,1,0.0,6,30.0,1,0,0.09333333333333334
5,2,2,3.5,2,0.0,0,23.0,1,1,0.5116666666666667
5,3,2,0.0,2,0.0,4,2.0,0,0,0.25666666666666665
5,1,1,0.0,2,0.0,5,1.0,0,0,0.04536111111111111
4,2,0,0.0,0,0.0,4,13.0,0,0,0.016666666666666666
1,0,0,0.0,2,0.0,1,5.0,0,0,0.0
3,0,0,0.0,0,0.0,0,1.0,0,0,0.0
5,2,2,1.0,4,0.0,2,2.0,1,0,0.4000000000000001
5,3,0,4.0,1,0.0,3,13.0,0,0,0.36166666666666664
3,1,0,0.0,3,0.5,9,16.0,0,0,0.006666666666666667
4,1,0,0.0,1,0.0,4,34.0,0,0,0.0
4,0,1,0.0,2,0.5,1,4.0,0,0,0.0016666666666666668
4,0,2,2.5,1,0.0,4,30.0,0,0,0.006666666666666667
5,5,1,3.0,2,0.5,2,29.0,0,0,0.4283333333333334
5,1,1,2.0,2,1.0,4,8.0,0,0,0.018333333333333333
5,5,6,8.0,1,1.0,4,22.0,0,0,0.024999999999999998
5,1,2,1.5,1,0.0,2,7.0,0,0,0.06
4,3,5,5.0,1,0.0,5,6.0,0,0,0.4583333333333333
5,2,3,3.0,2,0.0,3,4.0,1,0,0.36333333333333334
5,5,0,5.5,2,0.0,5,3.0,1,0,0.17500000000000002
5,0,1,0.0,1,0.0,3,25.0,0,0,0.005
4,0,0,1.5,2,0.0,0,1.0,0,0,0.0
5,2,3,8.0,1,0.0,3,20.0,0,0,0.06833333333333334
1,0,0,0.0,3,0.0,1,2.0,0,0,0.0
1,0,0,0.0,0,0.5,2,12.0,0,0,0.0
2,0,0,0.0,0,0.0,0,10.0,0,0,0.0
3,0,5,7.0,3,0.0,7,21.0,1,0,0.28833333333333333
5,5,6,10.0,2,0.0,5,17.0,0,0,0.05666666666666667
5,1,0,0.0,2,0.5,1,19.0,0,0,0.0
1,0,0,0.0,2,0.0,2,42.0,0,0,0.0
5,0,2,3.0,3,0.0,4,10.0,0,0,0.07
5,0,5,1.0,1,0.0,2,26.0,0,0,0.26
3,0,0,0.0,2,0.0,2,10.0,0,0,0.0
5,3,5,8.0,1,0.0,4,28.0,0,0,0.18500000000000003
1,0,0,1.5,2,0.0,0,10.0,0,0,0.0
3,1,0,0.0,1,0.0,0,49.0,0,0,0.0016666666666666668
4,0,0,4.5,2,1.0,0,1.0,0,0,0.025000000000000005
5,3,4,4.5,2,0.0,2,21.0,0,0,0.22
5,5,2,3.5,2,0.0,2,15.0,0,0,0.15666666666666665
5,0,0,0.0,0,0.0,0,10.0,0,0,0.0
4,0,0,1.0,1,0.0,3,10.0,0,0,0.0
5,1,0,0.0,1,0.0,3,9.0,0,0,0.005
5,5,1,5.0,2,0.0,1,9.0,0,0,0.08
4,0,1,2.0,3,0.5,0,10.0,0,0,0.006666666666666667
5,0,2,0.0,0,1.0,1,16.0,0,0,0.0
4,2,0,3.5,3,0.0,1,1.0,0,0,0.11499999999999999
3,0,0,1.0,2,0.0,0,27.0,0,0,0.0
5,5,3,9.0,2,0.5,3,15.0,1,0,0.19166666666666665
5,1,0,10.0,1,0.0,3,18.0,0,0,0.028333333333333335
5,5,0,0.0,0,0.0,0,15.0,0,0,0.03166666666666667
4,4,0,1.5,0,0.0,4,27.0,0,0,0.11166666666666668
5,5,1,5.0,0,0.0,9,7.0,0,0,0.16833333333333333
5,5,4,4.0,2,0.0,4,7.0,0,0,0.38972222222222225
4,2,2,1.0,2,0.0,3,7.0,0,0,0.055
2,1,0,1.5,2,0.5,1,5.0,0,0,0.0
3,0,0,0.5,3,0.5,4,8.0,0,0,0.0016666666666666668
3,0,1,3.0,1,0.0,1,4.0,0,0,0.0
5,5,5,6.0,2,0.5,8,19.0,0,0,0.14333333333333334
5,5,0,6.0,1,0.5,0,15.0,1,0,0.07830555555555554
5,5,2,4.5,2,0.0,2,8.0,0,0,0.25
5,5,5,5.0,3,0.0,3,31.0,0,0,0.22
5,0,3,2.0,1,0.0,3,10.0,0,0,0.03
3,0,0,0.0,4,0.0,5,13.0,0,0,0.0
5,5,1,2.5,1,0.0,2,18.0,0,0,0.3233333333333333
4,2,2,1.5,2,0.0,2,27.0,0,0,0.19999999999999998
5,0,6,4.0,2,0.0,4,8.0,1,1,0.5916666666666667
4,0,2,5.0,2,0.0,2,18.0,0,0,0.06666666666666667
5,2,15,4.0,3,0.5,5,1.0,0,0,0.3316666666666666
5,0,4,0.0,0,0.0,4,33.0,0,0,0.035
5,2,0,2.5,3,0.0,4,3.0,1,0,0.47500000000000003
3,1,0,0.5,4,0.5,3,10.0,0,0,0.0
5,0,3,3.5,3,0.0,5,12.0,0,1,0.65
3,0,1,0.0,2,0.0,5,20.0,0,0,0.0
5,5,2,2.5,1,0.0,4,10.0,0,0,0.3383333333333334
5,0,0,0.0,0,0.0,2,10.0,0,0,0.0016666666666666668
5,1,2,9.0,0,1.0,24,18.0,0,0,0.13833333333333334
5,4,2,2.5,3,1.0,3,15.0,0,1,0.5483333333333333
4,0,2,2.0,2,0.5,2,5.0,0,0,0.0
5,2,3,3.5,4,0.0,2,1.0,1,1,0.6766666666666667
3,0,0,0.0,2,0.0,4,24.0,0,0,0.0
3,1,0,0.5,2,0.5,1,25.0,0,0,0.0016666666666666668
5,1,0,4.0,2,0.5,4,5.0,0,0,0.04666666666666667
5,5,4,3.5,2,0.0,3,24.0,0,0,0.19166666666666665
5,4,8,9.5,1,0.0,9,16.0,0,0,0.043333333333333335
0,0,0,0.0,0,0.0,0,22.0,0,0,0.0
5,0,5,3.5,2,0.0,5,4.0,1,1,0.6983333333333333
3,1,0,0.0,1,0.0,2,30.0,0,0,0.0
5,5,2,3.5,1,0.5,2,14.0,1,0,0.34500000000000003
5,5,0,5.0,3,1.0,2,8.0,0,0,0.21666666666666667
5,1,8,0.5,1,0.0,6,20.0,0,0,0.42333333333333334
4,1,0,0.5,2,0.0,0,16.0,0,0,0.0
2,0,0,0.0,1,0.5,0,41.0,0,0,0.0
3,1,1,2.5,1,0.0,1,3.0,0,0,0.0016666666666666668
3,0,0,0.0,2,0.0,3,25.0,0,0,0.0
4,3,3,0.0,1,0.5,3,12.0,1,0,0.42333333333333334
5,3,2,1.0,1,0.5,3,7.0,1,0,0.14
3,0,4,1.5,3,0.0,3,12.0,0,0,0.013333333333333334
5,1,1,2.0,1,0.0,3,27.0,0,0,0.013333333333333334
5,2,4,5.0,2,0.5,5,5.0,1,0,0.36166666666666664
5,1,2,3.5,1,1.0,2,20.0,0,0,0.285
5,3,3,3.0,1,0.0,2,18.0,0,0,0.19333333333333336
3,2,0,0.5,3,0.0,3,26.0,0,0,0.0
5,1,1,3.5,2,1.0,4,18.0,1,0,0.115
5,4,0,7.0,2,0.5,0,6.0,0,0,0.225
5,3,0,3.0,1,0.5,8,1.0,1,0,0.2933333333333333
5,4,11,3.5,1,0.0,12,16.0,1,0,0.16666666666666666
5,5,0,2.0,1,0.0,3,14.0,0,0,0.2508333333333333
1,0,0,0.0,1,0.0,1,13.0,0,0,0.0
5,5,6,5.0,0,0.0,5,16.0,0,0,0.16833333333333333
1,0,3,0.0,3,0.0,5,13.0,0,0,0.0
5,5,0,3.0,1,0.0,6,50.0,0,0,0.131
5,4,7,6.5,1,0.0,3,20.0,0,0,0.10166666666666667
4,4,0,7.0,1,0.5,6,10.0,0,0,0.09666666666666666
2,0,0,0.0,1,0.0,2,42.0,0,0,0.0
5,5,3,6.0,2,0.0,5,25.0,0,0,0.315
5,5,5,8.5,1,0.0,5,33.0,0,0,0.028333333333333335
5,5,3,5.5,1,0.0,9,9.0,0,0,0.29000000000000004
4,0,0,1.0,4,0.0,0,2.0,0,0,0.0
3,0,0,1.0,3,0.0,0,3.0,0,0,0.0
5,5,0,4.5,1,0.5,3,3.0,0,0,0.14544444444444446
5,5,1,5.5,1,1.0,1,45.0,1,0,0.09944444444444445
4,0,0,8.5,2,1.0,1,2.0,0,0,0.08666666666666667
5,5,0,3.0,0,0.0,3,18.0,0,0,0.15366666666666665
3,2,0,0.0,0,0.0,0,18.0,0,0,0.006666666666666667
5,2,0,1.0,3,0.0,6,2.0,0,0,0.03833333333333334
5,4,3,4.5,1,0.0,4,25.0,0,0,0.2125
4,0,4,4.0,3,0.0,2,11.0,0,0,0.22666666666666666
5,1,1,4.5,1,0.0,2,10.0,0,0,0.17833333333333334
5,1,1,4.0,1,0.0,2,23.0,0,0,0.05333333333333334
5,0,3,3.0,3,0.0,1,11.0,0,0,0.13
5,1,1,3.0,3,0.0,2,35.0,0,0,0.15
4,4,2,3.5,1,0.5,4,5.0,1,0,0.22666666666666666
5,3,0,4.0,2,0.5,0,1.0,1,0,0.35055555555555556
5,4,4,4.5,1,1.0,3,5.0,0,0,0.23
5,4,6,0.5,1,0.5,3,6.0,0,0,0.18666666666666668
5,5,0,4.0,3,0.5,0,14.0,0,0,0.21666666666666667
4,0,0,1.0,2,0.0,2,15.0,0,0,0.0
3,0,0,0.0,0,0.5,0,25.0,0,0,0.0
5,2,0,2.0,2,0.5,4,8.0,0,0,0.10333333333333333
5,0,4,6.5,1,0.0,6,2.0,0,0,0.2233333333333333
5,5,0,7.0,2,1.0,1,5.0,0,0,0.024999999999999998
4,0,0,0.0,4,0.5,4,13.0,0,0,0.0
1,1,0,0.0,2,0.0,0,28.0,0,0,0.0
5,0,2,4.0,1,0.5,2,24.0,0,0,0.065
3,0,0,0.0,2,0.0,4,7.0,0,0,0.0
4,0,3,0.0,2,0.0,0,25.0,0,0,0.013333333333333334
5,2,3,3.5,1,0.0,5,9.0,0,0,0.33749999999999997
5,3,0,3.0,1,0.5,4,20.0,0,0,0.15666666666666665
5,5,15,7.0,1,1.0,9,4.0,0,0,0.165
5,5,0,4.0,2,0.5,3,27.0,1,0,0.24083333333333334
5,3,2,2.0,2,0.0,2,1.0,1,1,0.5116666666666667
5,5,0,5.0,2,0.0,0,9.0,0,0,0.2833333333333333
5,4,7,1.5,2,1.0,3,13.0,0,0,0.305
5,0,7,4.0,2,0.0,4,10.0,0,1,0.535
5,2,3,1.0,1,0.5,5,16.0,1,0,0.17500000000000002
5,1,5,4.0,3,0.0,4,20.0,0,0,0.33166666666666667
4,2,5,4.0,2,0.0,2,15.0,1,1,0.6666666666666666
5,2,0,0.0,1,0.0,0,21.0,0,0,0.02486111111111111
3,3,0,1.5,2,0.0,5,8.0,0,0,0.02
4,1,2,1.0,2,0.5,3,25.0,0,0,0.006666666666666667
5,1,3,4.5,2,0.5,1,16.0,0,0,0.1516666666666667
5,0,0,6.5,0,1.0,0,2.0,0,0,0.05666666666666667
5,3,13,4.0,3,0.0,8,20.0,0,0,0.425
5,0,5,0.0,2,1.0,3,25.0,0,0,0.08666666666666667
5,4,7,3.0,2,0.5,8,3.0,0,0,0.26333333333333336
2,1,0,1.5,1,0.5,0,2.0,0,0,0.0016666666666666668
4,0,0,0.0,1,1.0,0,18.0,0,0,0.0
5,5,0,6.5,3,0.0,0,5.0,0,0,0.01
5,1,0,3.5,1,1.0,4,8.0,0,0,0.07166666666666667
1,2,0,0.0,1,0.0,5,2.0,0,0,0.008333333333333333
5,3,5,5.5,1,1.0,6,17.0,0,0,0.325
1,0,0,0.0,3,0.0,2,18.0,0,0,0.0
5,5,1,6.0,1,0.5,3,30.0,0,0,0.17
3,0,3,2.5,2,0.0,0,15.0,0,0,0.011666666666666667
5,2,0,3.0,1,0.5,0,10.0,0,0,0.23597222222222225
5,1,7,2.0,2,0.0,7,1.0,0,0,0.45
4,3,2,3.5,2,1.0,5,30.0,0,1,0.5100000000000001
5,5,0,10.0,1,0.0,0,3.0,0,0,0.0
5,4,0,4.0,3,0.0,4,5.0,0,0,0.4633333333333333
5,4,4,0.0,1,0.5,4,4.0,0,0,0.17499999999999996
5,1,0,1.5,2,0.5,7,14.0,0,0,0.01
5,4,1,5.5,2,0.0,4,10.0,0,0,0.21333333333333335
5,0,0,4.5,2,0.5,4,5.0,0,0,0.01
3,2,7,2.0,2,0.0,4,29.0,1,1,0.5283333333333333
5,1,10,8.5,4,0.0,7,13.0,0,0,0.19333333333333336
4,0,2,3.5,2,1.0,5,7.0,0,0,0.043333333333333335
5,5,5,0.0,3,1.0,5,6.0,0,0,0.31833333333333336
5,5,0,4.5,2,1.0,0,9.0,0,0,0.13333333333333333
4,4,3,1.5,2,0.0,3,25.0,1,0,0.37166666666666676
5,5,0,10.0,1,0.5,0,5.0,0,0,0.0
5,1,6,1.5,1,1.0,2,16.0,1,0,0.27666666666666667
5,5,2,6.0,4,0.5,3,4.0,0,0,0.28
5,1,3,1.0,3,0.0,0,10.0,0,0,0.07333333333333333
4,3,6,2.5,1,0.0,0,20.0,1,0,0.2791666666666667
5,2,3,2.5,2,0.0,5,8.0,1,1,0.61
4,1,2,2.5,1,0.0,2,30.0,0,0,0.06666666666666667
5,5,4,3.0,3,0.5,5,21.0,0,0,0.27
5,5,5,1.0,3,0.0,5,10.0,0,0,0.36999999999999994
4,0,0,0.0,2,0.5,0,20.0,0,0,0.0016666666666666668
4,4,5,3.0,3,0.0,2,7.0,0,1,0.6083333333333334
5,2,2,6.0,2,1.0,4,4.0,0,0,0.12333333333333334
4,3,3,2.5,2,0.0,5,12.0,1,0,0.2733333333333334
5,2,0,6.0,3,0.0,0,7.0,0,0,0.12416666666666666
4,0,0,4.5,2,0.0,0,1.0,0,0,0.03333333333333333
5,5,13,0.0,4,0.0,3,14.0,0,0,0.47
4,0,0,0.5,1,0.0,2,5.0,0,0,0.0
3,5,0,2.0,0,1.0,0,25.0,1,0,0.06
4,0,0,2.5,1,0.0,3,20.0,0,0,0.0
1,0,0,0.0,2,0.0,4,1.0,0,0,0.0
5,1,0,5.0,1,0.0,9,4.0,0,0,0.18281944444444442
5,0,1,3.5,2,1.0,0,20.0,0,0,0.07666666666666667
4,2,4,1.0,3,0.0,12,4.0,1,1,0.5783333333333333
3,0,0,0.0,3,0.0,0,11.0,0,0,0.0
5,5,0,6.0,1,0.0,4,55.0,0,0,0.17666666666666667
4,0,0,0.0,1,0.0,7,1.0,0,0,0.0033333333333333335
5,4,4,5.0,3,0.0,4,3.0,1,0,0.2925
5,5,2,8.5,1,1.0,2,24.0,0,0,0.028333333333333332
4,5,0,0.0,2,0.5,3,12.0,0,0,0.455
5,2,0,0.0,2,0.0,4,34.0,0,0,0.04
5,1,3,8.0,1,0.0,3,32.0,0,0,0.02666666666666667
5,1,0,3.0,2,0.5,2,2.0,0,0,0.02666666666666667
1,0,2,0.0,1,0.0,1,6.0,0,0,0.0
5,0,0,1.0,2,0.5,6,20.0,0,0,0.006666666666666667
1,0,0,0.0,2,0.5,0,3.0,0,0,0.0
1,0,0,0.0,4,1.0,3,12.0,0,0,0.0016666666666666668
5,5,7,10.0,1,0.5,3,10.0,0,0,0.013333333333333334
5,0,3,3.0,2,0.0,2,15.0,0,0,0.17166666666666663
2,3,0,0.0,2,0.0,2,10.0,0,0,0.0
5,5,5,10.0,1,0.0,2,1.0,0,0,0.0016666666666666668
4,0,0,1.0,2,0.5,0,15.0,0,0,0.0
5,0,0,0.0,1,0.0,4,10.0,0,0,0.0
4,1,0,3.0,2,0.0,0,25.0,0,0,0.021666666666666667
4,4,0,3.0,1,0.0,0,30.0,1,0,0.15166666666666664
5,5,1,3.0,1,0.0,3,13.0,0,0,0.1888888888888889
3,0,0,0.0,0,0.0,0,15.0,0,0,0.0
5,5,0,10.0,3,0.0,0,20.0,0,0,0.06166666666666667
4,2,2,2.0,1,0.0,1,12.0,0,0,0.11
5,2,3,3.5,2,0.0,4,6.0,0,1,0.5750000000000001
5,0,0,10.0,1,0.0,4,24.0,0,0,0.07666666666666667
5,2,3,6.0,2,0.0,7,6.0,0,0,0.31166666666666665
5,2,1,4.0,2,0.0,4,5.0,1,0,0.24999999999999997
5,0,2,5.0,1,0.0,3,4.0,1,0,0.28
5,3,0,4.5,3,0.0,4,28.0,0,1,0.6499999999999999
2,0,0,0.0,1,0.0,2,31.0,0,0,0.0
5,4,1,3.5,2,0.5,2,25.0,0,1,0.6116666666666667
5,0,4,10.0,2,0.5,3,13.0,0,0,0.1416666666666667
5,4,5,6.0,3,0.0,8,6.0,0,1,0.5416666666666666
4,4,1,3.5,3,1.0,5,12.0,1,0,0.2583333333333333
5,0,2,4.5,3,0.5,8,4.0,0,0,0.1416666666666667
5,2,0,3.0,2,0.0,4,8.0,1,1,0.5466666666666667
3,3,2,0.5,3,0.0,1,10.0,0,0,0.09666666666666668
1,0,0,0.0,0,0.0,2,20.0,0,0,0.0
4,0,2,0.0,0,0.0,7,16.0,0,0,0.0016666666666666668
5,1,0,3.0,1,0.0,5,16.0,0,0,0.005
5,1,5,3.0,1,1.0,3,13.0,1,0,0.36333333333333334
3,0,7,0.0,2,0.0,6,14.0,0,0,0.08833333333333333
5,2,0,0.5,1,0.0,2,45.0,0,0,0.024999999999999998
5,5,0,0.0,1,0.0,2,14.0,1,0,0.42500000000000004
5,3,5,1.0,2,0.0,10,18.0,0,1,0.6266666666666666
1,0,0,0.0,2,0.0,4,25.0,0,0,0.0
5,0,2,3.5,1,1.0,2,2.0,0,0,0.10333333333333333
5,4,0,0.0,1,0.0,0,9.0,0,0,0.16333333333333333
4,0,0,1.5,1,0.5,1,25.0,0,0,0.0016666666666666668
5,2,1,5.5,1,0.0,3,8.0,1,0,0.19252777777777774
3,1,1,2.5,1,0.0,2,50.0,0,0,0.006666666666666667
5,2,0,6.0,3,0.0,0,2.0,1,0,0.19231746031746033
5,1,2,3.5,1,0.0,6,28.0,0,0,0.22972222222222224
3,0,4,2.5,2,0.0,3,8.0,0,0,0.04
5,3,4,3.0,3,0.0,1,12.0,1,1,0.535
4,1,0,2.5,1,0.0,1,5.0,0,0,0.005
5,4,6,6.5,3,1.0,9,40.0,0,0,0.3033333333333334
5,5,0,8.0,0,0.0,5,3.0,0,0,0.024999999999999998
3,0,1,0.0,1,0.0,3,12.0,0,0,0.0
4,1,5,1.0,1,0.0,6,24.0,0,0,0.14333333333333334
5,0,0,2.0,1,0.0,0,18.0,0,0,0.0
3,2,0,5.0,1,0.0,3,10.0,0,0,0.14833333333333334
5,5,4,0.0,1,0.0,3,9.0,0,0,0.2383333333333333
5,1,0,10.0,3,0.0,1,3.0,0,0,0.225
5,0,2,2.0,3,1.0,5,12.0,0,0,0.02
4,2,1,0.0,1,0.0,2,30.0,0,0,0.011666666666666665
5,0,1,5.0,1,0.0,3,9.0,0,0,0.07666666666666667
4,0,5,0.5,1,0.5,0,7.0,0,0,0.013333333333333334
4,0,2,5.5,0,0.0,3,9.0,0,0,0.035
3,1,0,6.0,1,0.0,0,10.0,0,0,0.016666666666666666
3,3,3,1.0,2,0.0,2,20.0,0,0,0.13333333333333333
5,0,0,3.5,2,0.0,5,16.0,0,0,0.008333333333333333
4,4,0,3.0,2,0.5,8,4.0,0,0,0.44999999999999996
4,0,1,1.5,3,0.0,7,12.0,0,0,0.006666666666666667
3,0,0,1.0,2,0.0,0,8.0,0,0,0.0
5,1,4,2.0,2,0.0,2,9.0,1,0,0.4366666666666667
5,0,4,4.0,1,0.0,6,12.0,0,0,0.445
5,2,5,6.0,2,0.0,4,11.0,0,0,0.26833333333333337
5,1,0,2.0,1,0.0,3,6.0,0,0,0.005
5,5,11,6.0,2,0.0,18,4.0,0,0,0.3833333333333333
5,0,0,2.0,3,0.5,2,4.0,0,0,0.01
4,2,0,0.0,2,1.0,0,6.0,0,0,0.016666666666666666
4,4,0,3.0,1,0.0,0,11.0,0,0,0.155
1,0,0,0.0,0,0.5,4,6.0,0,0,0.0
5,3,5,4.0,2,0.0,1,11.0,1,1,0.5099999999999999
3,0,0,0.0,2,0.0,5,19.0,0,0,0.0
5,1,3,4.5,2,0.0,4,16.0,0,0,0.33
4,1,0,7.5,4,1.0,2,2.0,0,0,0.07333333333333333
5,3,5,1.0,1,1.0,2,27.0,0,0,0.26166666666666666
5,0,1,0.0,0,0.5,3,20.0,0,0,0.005
5,2,4,2.5,2,0.0,3,4.0,1,1,0.5283333333333333
4,4,2,3.5,1,1.0,2,8.0,0,0,0.405
5,5,7,10.0,3,0.5,5,20.0,0,0,0.024999999999999998
5,1,1,3.0,1,1.0,0,20.0,0,0,0.034999999999999996
5,5,0,7.0,2,1.0,3,29.0,0,0,0.135
1,0,0,0.0,3,0.5,0,12.0,0,0,0.0
5,5,4,0.5,1,0.5,4,10.0,0,0,0.385
2,0,0,0.0,0,0.5,0,30.0,0,0,0.0
5,3,5,4.0,0,1.0,5,14.0,1,0,0.04833333333333334
5,3,5,1.5,2,0.0,3,41.0,0,0,0.3216666666666667
4,5,7,1.5,2,0.5,3,23.0,1,0,0.465
4,3,8,2.0,2,0.0,5,7.0,1,1,0.7433333333333333
5,5,0,0.0,2,0.0,1,20.0,1,1,0.6505555555555556
4,0,5,4.5,2,0.5,4,2.0,1,0,0.4183333333333333
5,5,7,9.0,3,0.0,5,22.0,0,0,0.105
5,2,0,2.0,2,1.0,3,13.0,0,0,0.06999999999999999
4,0,0,0.5,1,0.0,1,33.0,0,0,0.0
5,4,5,4.5,1,0.5,5,15.0,0,0,0.23666666666666666
4,0,2,1.0,3,0.5,2,1.0,0,0,0.008333333333333333
4,0,0,0.0,1,0.0,0,30.0,0,0,0.0
5,5,0,4.5,0,0.5,3,6.0,1,0,0.09333333333333334
2,1,1,1.5,1,0.0,0,35.0,0,0,0.01
2,1,0,0.0,0,0.5,0,34.0,0,0,0.0
5,5,0,5.5,1,0.0,0,14.0,0,0,0.40549999999999997
5,5,0,10.0,1,0.0,4,40.0,0,0,0.043333333333333335
5,0,0,2.5,1,0.0,0,13.0,0,0,0.0
5,0,4,1.0,2,1.0,10,3.0,0,0,0.19999999999999998
1,0,0,0.0,0,0.0,0,10.0,0,0,0.0
5,5,4,7.5,1,1.0,2,10.0,0,0,0.041666666666666664
4,0,0,0.0,2,1.0,1,5.0,0,0,0.0
4,0,0,0.0,1,0.0,1,10.0,0,0,0.0
5,1,0,0.0,1,0.0,2,11.0,0,0,0.0
3,0,4,0.0,4,1.0,1,17.0,0,0,0.006666666666666667
5,5,6,2.0,1,0.0,9,11.0,0,0,0.2583333333333333
3,0,0,0.0,0,0.0,1,14.0,0,0,0.0
5,0,2,1.5,1,0.5,4,20.0,0,0,0.008333333333333333
5,4,5,2.0,1,0.0,2,28.0,0,0,0.155
5,5,0,2.5,2,0.0,4,4.0,0,0,0.19833333333333333
4,3,0,0.0,0,1.0,1,35.0,0,0,0.07
4,0,7,2.5,3,0.0,2,8.0,1,1,0.6366666666666667
5,0,1,2.0,5,0.5,5,8.0,0,0,0.06333333333333334
4,0,0,2.5,1,0.0,3,5.0,0,0,0.0
5,0,1,0.0,1,0.5,0,8.0,0,0,0.0
3,0,1,1.5,2,0.0,1,7.0,0,0,0.0
5,2,3,2.0,1,0.5,1,17.0,1,0,0.25333333333333335
5,2,5,3.5,2,1.0,4,16.0,0,0,0.4633333333333334
5,1,6,2.0,2,0.0,7,11.0,0,0,0.3016666666666667
4,0,2,2.0,2,0.0,2,34.0,0,0,0.008333333333333333
5,2,4,0.0,2,0.0,4,7.0,1,0,0.49499999999999994
4,2,0,0.0,1,0.0,5,20.0,0,0,0.0016666666666666668
5,0,1,2.0,1,0.0,1,2.0,0,0,0.005
4,4,0,0.0,1,0.5,6,2.0,0,0,0.305
4,2,6,1.5,2,0.0,2,3.0,0,1,0.5016666666666666
5,3,0,1.0,1,0.0,0,2.0,0,0,0.2725
1,0,0,0.0,1,0.0,3,42.0,0,0,0.0
1,2,0,0.5,1,0.0,3,25.0,0,0,0.0
1,0,0,2.0,3,0.5,4,7.0,0,0,0.0
5,5,8,6.0,2,0.0,7,21.0,1,0,0.17166666666666666
4,3,1,0.5,3,0.0,2,13.0,0,0,0.34
5,2,1,3.0,2,0.0,4,6.0,1,0,0.3841666666666666
5,4,4,1.5,1,0.5,2,12.0,0,0,0.22333333333333336
5,0,1,1.0,0,0.0,1,7.0,0,0,0.005
3,1,0,2.0,0,0.0,3,5.0,0,0,0.0016666666666666668
4,4,3,0.0,2,0.5,0,17.0,0,0,0.48500000000000004
1,0,0,0.0,1,0.5,4,35.0,0,0,0.0
5,0,2,5.0,0,1.0,1,3.0,1,0,0.09999999999999999
5,5,0,10.0,1,1.0,0,11.0,0,0,0.03666666666666667
1,0,0,0.0,3,0.0,2,9.0,0,0,0.0
5,0,2,2.5,2,0.0,4,12.0,0,0,0.015000000000000001
5,0,11,0.0,2,0.0,0,2.0,0,0,0.32499999999999996
3,2,0,0.0,0,0.0,5,15.0,0,0,0.0
3,3,4,3.5,1,0.0,2,15.0,1,0,0.3383333333333333
3,3,0,2.0,1,0.5,4,5.0,0,0,0.008333333333333333
3,2,7,0.0,2,0.0,4,20.0,1,0,0.3766666666666667
1,0,0,0.0,2,0.0,1,25.0,0,0,0.0
1,1,0,1.0,0,0.0,0,11.0,0,0,0.0
5,0,1,0.0,3,0.0,0,1.0,0,0,0.016666666666666666
3,3,0,1.5,1,0.0,2,10.0,0,0,0.006666666666666667
5,1,0,1.5,0,0.0,2,25.0,0,0,0.0016666666666666668
5,5,2,6.0,1,0.0,16,6.0,0,0,0.25333333333333335
4,1,3,0.5,1,1.0,2,8.0,0,0,0.051666666666666666
5,5,3,4.0,2,1.0,5,5.0,1,0,0.3666666666666667
5,5,3,1.0,1,0.0,1,31.0,0,0,0.2608333333333333
5,2,0,0.5,1,0.0,0,12.0,0,0,0.01
3,2,0,0.0,1,0.5,2,19.0,0,0,0.0
4,4,0,5.0,2,0.0,0,38.0,0,0,0.285
3,3,1,1.5,2,0.0,2,24.0,0,0,0.04
5,2,3,7.0,1,1.0,1,19.0,0,0,0.24333333333333332
5,5,8,10.0,2,1.0,0,2.0,0,0,0.05833333333333333
5,2,0,5.5,1,0.0,4,1.0,0,0,0.2926388888888889
3,0,0,2.0,1,0.0,3,25.0,0,0,0.0
5,0,4,0.0,0,1.0,0,9.0,0,0,0.0
4,3,6,1.5,2,0.0,4,15.0,1,1,0.775
5,2,8,5.5,2,1.0,5,15.0,1,0,0.15333333333333335
5,2,1,3.5,2,0.0,1,3.0,0,0,0.4883333333333333
5,0,7,1.5,1,0.5,0,17.0,1,0,0.12
5,4,3,2.5,2,0.5,5,14.0,1,0,0.40166666666666667
3,1,0,1.5,2,0.0,0,19.0,0,0,0.0023333333333333335
4,0,4,1.5,2,0.0,3,3.0,0,0,0.06
3,0,0,0.0,2,0.0,3,8.0,0,0,0.0
4,1,1,0.0,3,1.0,2,26.0,0,0,0.018333333333333333
4,0,0,0.0,0,0.0,0,30.0,0,0,0.0
5,1,3,0.0,0,0.0,0,17.0,0,0,0.03166666666666667
5,5,0,4.5,1,0.0,0,5.0,0,0,0.20666666666666667
5,1,5,4.0,2,0.0,1,10.0,0,0,0.19333333333333333
5,5,0,3.0,1,0.0,4,1.0,0,0,0.27799999999999997
5,4,6,5.5,2,0.0,2,23.0,0,0,0.3016666666666667
4,3,3,1.5,3,0.5,5,6.0,1,1,0.6041666666666666
5,0,0,2.0,2,0.0,0,3.0,0,0,0.0
4,1,0,3.5,1,0.5,3,23.0,0,0,0.02
4,3,0,0.0,0,0.5,0,5.0,0,0,0.043333333333333335
4,0,2,0.0,2,0.0,1,1.0,0,0,0.0
4,4,4,3.0,2,0.5,3,22.0,0,0,0.465
4,0,0,1.5,2,0.0,4,4.0,0,0,0.008333333333333333
3,3,0,0.0,0,1.0,0,13.0,0,0,0.0
3,0,5,2.0,3,0.0,2,4.0,0,0,0.06166666666666667
5,4,0,3.5,1,0.5,2,7.0,0,0,0.15
5,0,0,0.0,0,0.0,0,13.0,0,0,0.0
1,1,0,0.0,2,0.5,3,18.0,0,0,0.0
5,5,2,8.0,2,0.0,5,21.0,1,0,0.2916666666666667
4,0,2,0.5,0,0.5,6,10.0,0,0,0.005
4,5,0,2.0,1,0.0,0,2.0,1,0,0.26805555555555555
4,1,4,5.5,1,0.0,0,13.0,0,0,0.16666666666666666
5,5,0,5.5,3,1.0,3,13.0,0,0,0.325
5,3,4,3.0,0,0.0,1,30.0,0,0,0.17833333333333332
5,5,3,6.0,0,0.0,3,12.0,0,0,0.08333333333333333
5,5,2,10.0,3,0.0,4,4.0,0,0,0.04
5,2,2,5.5,1,1.0,6,25.0,0,0,0.21833333333333335
3,2,1,1.0,1,0.5,2,18.0,0,0,0.011666666666666667
3,0,0,0.0,3,0.0,4,15.0,0,0,0.0
5,1,2,2.0,0,0.0,2,17.0,0,0,0.02666666666666667
4,0,0,0.0,1,0.0,4,24.0,0,0,0.0
5,5,1,0.0,1,1.0,3,21.0,0,0,0.3116666666666667
5,4,8,1.5,1,0.0,6,20.0,0,0,0.19833333333333333
5,3,5,1.5,2,0.0,0,7.0,1,0,0.46249999999999997
4,2,1,1.5,3,0.5,4,7.0,0,0,0.27166666666666667
5,5,7,0.0,1,0.5,8,8.0,0,0,0.17166666666666663
5,1,6,7.5,3,0.0,8,2.0,0,0,0.26166666666666666
5,4,5,3.0,2,0.5,6,10.0,0,0,0.3383333333333334
4,0,3,2.0,2,0.0,4,6.0,0,0,0.011666666666666667
4,4,3,5.5,2,0.0,3,8.0,0,0,0.3166031746031746
5,5,3,4.5,2,0.0,4,8.0,0,1,0.5266666666666667
4,2,0,4.5,3,0.0,3,36.0,1,0,0.2916666666666667
4,4,4,3.5,1,0.0,3,7.0,0,0,0.36333333333333334
4,4,2,1.5,1,0.0,3,18.0,0,0,0.39166666666666666
1,0,0,0.0,2,0.0,5,3.0,0,0,0.0
5,0,0,0.0,0,0.0,0,2.0,0,0,0.0
3,0,0,0.0,1,0.0,3,3.0,0,0,0.0
5,3,5,4.5,4,0.5,2,11.0,1,0,0.45999999999999996
5,3,0,2.5,1,0.5,3,35.0,0,0,0.23666666666666666
5,1,0,2.5,1,0.0,1,6.0,0,0,0.015
2,1,2,0.0,4,1.0,3,19.0,0,0,0.0016666666666666668
1,0,0,0.0,3,0.0,0,20.0,0,0,0.0
5,4,13,4.0,2,0.5,3,10.0,0,0,0.215
5,2,0,5.0,0,1.0,2,14.0,0,0,0.11944444444444445
5,4,0,5.0,2,0.0,6,9.0,1,0,0.3383333333333333
5,1,3,2.0,2,0.5,2,30.0,0,0,0.26499999999999996
5,1,3,3.5,1,1.0,4,20.0,0,0,0.2383333333333333
5,2,1,3.0,2,1.0,2,20.0,0,0,0.45
5,5,1,4.0,1,0.0,3,4.0,0,0,0.41182539682539687
1,0,0,1.0,1,0.0,0,3.0,0,0,0.0
3,0,0,1.0,1,0.5,2,5.0,0,0,0.0
5,0,3,4.5,1,0.0,2,12.0,1,0,0.21833333333333335
1,1,0,0.0,2,0.0,3,27.0,0,0,0.0
3,0,1,2.5,3,0.0,1,25.0,0,0,0.0
5,2,3,3.5,1,0.0,8,18.0,0,0,0.24666666666666667
4,2,0,1.5,1,0.0,4,25.0,0,0,0.005
5,0,0,0.0,0,0.0,5,3.0,0,0,0.0
5,1,0,5.0,1,0.0,2,5.0,1,0,0.25593055555555555
4,0,5,4.0,2,0.0,5,1.0,1,0,0.41500000000000004
3,3,0,0.0,3,0.5,3,16.0,0,0,0.0033333333333333335
4,1,3,2.0,2,0.0,1,30.0,0,0,0.049999999999999996
5,5,5,6.5,2,0.0,9,5.0,0,0,0.3
5,2,1,3.0,3,0.0,4,13.0,1,1,0.6233333333333333
5,5,1,3.5,1,0.0,1,8.0,0,0,0.26499999999999996
3,0,0,0.5,2,0.5,0,12.0,0,0,0.0
3,0,0,0.0,0,0.0,0,32.0,0,0,0.0
5,0,4,0.0,0,0.5,5,8.0,0,0,0.006666666666666667
5,2,0,4.0,1,0.0,0,19.0,0,0,0.11208333333333335
4,4,0,3.0,3,0.5,2,26.0,1,0,0.29833333333333334
5,4,0,7.5,1,1.0,0,11.0,0,0,0.10333333333333333
3,5,1,0.0,2,0.0,5,26.0,0,0,0.4366666666666667
3,3,3,2.0,1,0.5,3,12.0,0,0,0.36999999999999994
4,4,6,0.0,2,0.0,8,15.0,0,1,0.805
5,0,1,0.0,1,0.0,4,5.0,0,0,0.0
1,0,0,0.5,2,0.0,0,8.0,0,0,0.0
5,3,0,0.0,0,0.5,0,1.0,0,0,0.04666666666666667
5,4,13,8.0,1,0.0,7,12.0,0,0,0.06
4,2,1,3.0,3,0.0,5,2.0,0,0,0.24833333333333332
5,1,0,1.5,3,0.0,4,3.0,0,0,0.04083333333333333
5,5,0,2.5,2,0.0,3,17.0,0,0,0.43533333333333335
4,0,0,0.0,0,0.5,0,16.0,0,0,0.0
4,0,1,0.0,1,0.0,5,3.0,0,0,0.006666666666666667
5,1,0,3.0,3,1.0,4,7.0,0,0,0.07
3,2,3,0.0,1,0.0,5,22.0,0,0,0.03666666666666667
4,1,3,0.0,1,0.0,3,27.0,0,0,0.011666666666666667
5,5,6,6.0,2,0.0,2,8.0,0,0,0.41333333333333333
3,1,0,2.0,2,0.5,4,2.0,0,0,0.005
5,0,0,6.5,2,0.5,0,30.0,0,0,0.18833333333333335
5,4,0,4.0,1,0.5,7,20.0,1,0,0.29816666666666664
5,0,0,0.0,1,0.0,2,25.0,0,0,0.0016666666666666668
5,2,0,7.5,1,0.5,0,20.0,0,0,0.06972222222222223
5,4,3,4.5,3,0.0,4,18.0,1,0,0.4116666666666666
5,0,1,3.5,3,0.0,0,1.0,0,0,0.02666666666666667
4,2,0,0.0,2,0.0,1,15.0,0,0,0.02
5,1,0,0.0,0,0.5,3,13.0,0,0,0.0
5,5,0,4.5,2,0.0,1,1.0,0,0,0.3833333333333333
5,5,3,1.0,1,0.0,4,22.0,0,1,0.5166666666666667
5,5,6,4.0,2,0.0,4,45.0,0,0,0.21333333333333335
3,1,0,0.0,1,0.5,3,20.0,0,0,0.0
4,0,4,2.0,3,0.0,1,4.0,0,0,0.09833333333333333
5,5,1,4.5,3,0.5,1,5.0,0,0,0.19499999999999998
5,3,3,7.5,3,0.5,4,3.0,1,0,0.15333333333333335
5,1,6,4.0,2,0.5,4,3.0,0,0,0.3033333333333333
4,0,0,1.5,1,0.0,3,23.0,0,0,0.0016666666666666668
5,5,9,5.5,1,1.0,6,3.0,0,0,0.295
5,5,0,3.0,3,0.0,2,1.0,0,1,0.54
4,3,4,4.0,3,0.5,4,5.0,1,1,0.7616666666666667
3,4,1,2.0,2,0.0,3,13.0,1,0,0.44
5,1,4,2.5,1,1.0,4,5.0,0,0,0.3866666666666667
4,0,4,2.0,2,0.0,2,6.0,0,0,0.016666666666666666
5,2,2,5.0,4,0.0,2,4.0,0,0,0.3433333333333333
5,4,3,6.5,3,1.0,2,17.0,1,0,0.17
5,4,7,1.0,1,0.0,7,10.0,0,0,0.21166666666666667
5,4,0,3.5,2,0.0,0,22.0,1,1,0.8108333333333334
5,5,0,9.0,1,0.0,0,4.0,0,0,0.0016666666666666668
4,4,8,1.0,1,0.0,5,4.0,0,0,0.41
5,1,3,7.0,4,1.0,4,8.0,0,0,0.305
5,0,0,2.0,2,0.0,3,20.0,0,0,0.0
5,0,2,6.0,1,0.5,4,30.0,0,0,0.22499999999999998
3,2,0,0.0,1,0.0,1,3.0,0,0,0.0
5,5,2,6.5,1,0.0,6,20.0,0,0,0.045000000000000005
5,2,0,3.0,2,0.0,3,25.0,0,0,0.3416666666666666
3,3,0,1.5,2,0.0,0,2.0,0,0,0.043333333333333335
4,0,1,3.0,2,0.0,2,7.0,0,0,0.0016666666666666668
5,0,0,2.5,4,1.0,1,2.0,0,0,0.035
3,1,1,0.0,3,0.5,1,25.0,0,0,0.005
4,4,0,4.0,3,1.0,4,2.0,1,0,0.4583333333333333
3,0,0,0.0,1,0.0,0,12.0,0,0,0.0
5,1,3,3.5,1,0.5,5,1.0,0,0,0.48666666666666664
4,0,1,2.0,1,0.0,3,5.0,0,0,0.0016666666666666668
5,3,0,5.5,3,0.0,0,7.0,0,0,0.20666666666666667
5,5,1,4.5,3,1.0,1,5.0,1,0,0.20833333333333334
4,2,0,5.0,2,0.5,0,2.0,0,0,0.08333333333333333
1,0,0,0.0,4,0.0,1,6.0,0,0,0.0
5,1,1,0.0,1,1.0,5,9.0,0,0,0.011666666666666667
5,3,3,6.0,1,0.0,2,5.0,1,0,0.17500000000000002
3,1,2,0.5,2,0.5,1,25.0,0,0,0.006666666666666667
3,3,0,1.5,1,0.0,3,20.0,0,0,0.01
5,3,5,10.0,3,1.0,3,30.0,0,0,0.11833333333333333
5,5,2,2.5,2,0.5,3,25.0,0,1,0.5033333333333333
5,4,5,0.0,1,1.0,4,27.0,1,0,0.26999999999999996
4,2,0,3.0,1,1.0,4,12.0,0,0,0.07
5,1,3,5.0,1,1.0,3,25.0,0,0,0.1322222222222222
5,1,1,4.0,2,1.0,7,16.0,1,0,0.051666666666666666
3,1,0,2.5,1,0.5,5,11.0,0,0,0.0016666666666666668
5,5,2,3.0,1,0.0,5,21.0,1,0,0.08
5,4,3,4.5,2,0.5,2,5.0,1,0,0.44333333333333336
5,5,5,8.0,2,1.0,5,7.0,0,0,0.14833333333333334
4,4,3,0.5,3,0.0,3,3.0,0,1,0.5727777777777777
4,4,5,4.5,1,0.0,4,18.0,0,1,0.5166666666666667
3,0,4,0.0,3,0.0,4,2.0,0,0,0.0033333333333333335
3,1,5,2.0,2,0.0,6,10.0,0,0,0.11666666666666665
4,0,0,3.5,3,0.5,2,15.0,0,0,0.006666666666666667
4,0,0,0.0,0,0.0,0,3.0,0,0,0.0
4,0,3,0.0,0,0.0,5,10.0,0,0,0.0016666666666666668
5,5,7,0.5,2,0.0,4,5.0,0,0,0.4266666666666667
5,3,5,3.5,2,1.0,3,2.0,0,1,0.5499999999999999
5,5,2,3.0,1,0.0,6,35.0,0,0,0.18833333333333332
1,0,0,0.0,1,0.5,0,22.0,0,0,0.0
4,1,0,2.0,2,0.0,2,55.0,0,0,0.013333333333333334
5,4,0,3.0,1,0.5,2,10.0,0,0,0.24666666666666667
5,1,4,4.0,2,1.0,1,8.0,0,0,0.4566666666666667
2,3,0,2.5,1,0.0,0,15.0,0,0,0.006666666666666667
3,0,0,0.0,2,0.0,4,25.0,0,0,0.0
5,1,7,2.5,2,0.0,3,23.0,1,1,0.555
5,1,0,1.5,1,0.5,0,10.0,0,0,0.0016666666666666668
4,3,1,0.0,2,0.5,3,20.0,0,0,0.17500000000000002
3,0,0,0.0,1,0.5,0,17.0,0,0,0.0
4,2,3,2.5,1,0.0,4,20.0,0,0,0.27666666666666667
5,4,1,6.0,1,0.0,1,31.0,0,0,0.335
4,4,5,4.0,2,0.5,2,8.0,0,1,0.5705555555555555
4,0,0,1.0,2,0.0,4,3.0,0,0,0.0016666666666666668
5,3,0,3.0,1,0.0,2,33.0,0,0,0.489047619047619
4,4,0,3.0,2,0.0,2,10.0,0,1,0.5883333333333333
5,5,0,2.5,2,0.5,2,12.0,1,0,0.25222222222222224
5,5,0,0.0,0,0.5,3,20.0,0,0,0.13333333333333333
2,1,0,0.0,2,0.5,5,2.0,0,0,0.0
4,2,4,4.0,2,0.0,3,9.0,0,1,0.5533333333333333
5,0,0,1.5,2,0.0,0,15.0,0,0,0.0
5,5,2,8.0,1,1.0,4,25.0,0,0,0.035
4,3,0,0.0,2,0.0,4,12.0,0,0,0.016666666666666666
4,1,11,0.0,2,0.5,2,26.0,0,0,0.25833333333333336
5,5,8,6.5,2,1.0,5,11.0,0,0,0.13166666666666668
4,1,0,5.5,1,1.0,5,5.0,0,0,0.09166666666666667
5,2,0,0.5,1,0.0,0,4.0,0,0,0.02
5,4,0,3.5,3,0.0,0,14.0,1,0,0.27183333333333337
4,1,4,2.5,1,1.0,7,12.0,1,0,0.2783333333333333
5,1,4,2.5,2,0.0,3,11.0,0,0,0.22
5,2,3,0.5,1,0.0,4,4.0,1,0,0.315
5,5,12,5.5,1,0.0,5,30.0,0,0,0.08
5,2,2,3.5,2,0.0,2,12.0,1,1,0.7244444444444444
5,0,1,4.0,2,1.0,4,16.0,0,0,0.05666666666666667
5,0,0,0.0,3,0.0,1,17.0,0,0,0.0033333333333333335
4,1,0,0.5,1,0.5,0,15.0,0,0,0.0
4,0,5,0.0,1,0.5,6,20.0,0,0,0.045000000000000005
2,0,4,0.0,1,0.5,1,5.0,0,0,0.0
3,3,0,1.5,1,0.0,0,10.0,0,0,0.0
5,1,2,5.5,1,0.0,0,10.0,0,0,0.19333333333333336
5,5,1,2.5,2,0.0,1,12.0,1,0,0.46611111111111114
2,1,0,1.0,1,0.0,0,3.0,0,0,0.0
5,5,0,3.5,3,0.5,0,2.0,0,1,0.5316666666666667
5,5,1,1.5,2,0.0,1,8.0,0,0,0.4766666666666666
3,0,0,0.0,0,0.5,0,20.0,0,0,0.0
5,0,1,4.0,2,1.0,6,11.0,0,0,0.05666666666666667
1,2,0,1.5,2,0.0,2,10.0,0,0,0.0016666666666666668
4,1,1,1.0,2,0.0,4,13.0,0,0,0.0016666666666666668
5,4,2,6.0,1,0.0,7,38.0,0,0,0.19166666666666665
3,1,0,5.0,3,0.0,4,8.0,0,0,0.035
3,0,0,1.5,2,1.0,4,20.0,0,0,0.0
1,0,0,0.0,1,0.0,0,3.0,0,0,0.0
5,5,0,4.5,3,0.5,3,2.0,0,0,0.325
1,0,0,0.0,1,0.0,4,10.0,0,0,0.0
3,2,1,1.0,2,0.0,4,4.0,0,0,0.005
5,0,4,0.0,0,0.0,2,6.0,0,0,0.0016666666666666668
5,0,1,2.0,1,0.0,2,7.0,0,0,0.0016666666666666668
2,2,0,0.0,0,1.0,1,7.0,0,0,0.0
5,1,2,3.5,2,0.5,6,3.0,1,0,0.285
5,0,8,0.5,1,0.0,4,7.0,1,0,0.34833333333333333
5,0,1,3.5,1,0.0,7,16.0,0,0,0.04666666666666667
5,1,0,3.0,2,0.0,1,30.0,0,0,0.005
1,0,2,0.0,1,0.0,3,18.0,0,0,0.0
4,4,2,1.5,2,0.0,7,13.0,1,0,0.4183333333333333
1,0,0,0.0,1,0.0,4,3.0,0,0,0.0
5,2,3,2.5,2,0.0,3,5.0,1,0,0.4008333333333334
5,0,7,4.5,3,0.0,7,15.0,1,0,0.40166666666666667
5,5,3,5.5,2,0.0,4,13.0,0,0,0.18333333333333335
5,0,0,0.0,0,0.0,3,6.0,0,0,0.0
5,5,2,2.5,1,0.5,5,14.0,1,0,0.12666666666666668
3,0,2,0.0,1,0.0,1,26.0,0,0,0.0
5,2,7,3.5,4,1.0,11,21.0,1,0,0.3916666666666666
5,3,5,8.0,1,0.0,8,30.0,0,0,0.06833333333333333
5,2,0,2.5,2,0.0,3,57.0,0,0,0.22666666666666666
5,2,1,0.0,3,0.0,2,15.0,0,0,0.05833333333333334
5,0,1,4.0,2,0.0,0,3.0,0,0,0.016666666666666666
5,5,4,0.5,3,1.0,1,4.0,0,0,0.30333333333333334
5,1,5,6.5,1,0.0,1,4.0,0,0,0.32499999999999996
5,5,11,4.0,4,1.0,7,8.0,0,0,0.30833333333333335
5,4,5,2.5,3,0.0,6,7.0,0,1,0.585
5,2,1,5.0,2,0.0,2,6.0,1,1,0.87
5,2,1,2.5,2,0.5,3,13.0,1,0,0.35333333333333333
5,4,0,3.0,1,0.0,4,20.0,0,0,0.18586111111111112
3,0,0,2.5,1,0.5,5,15.0,0,0,0.0016666666666666668
3,0,8,0.0,0,0.0,4,2.0,0,0,0.11166666666666668
5,4,8,2.5,2,0.0,4,20.0,0,0,0.42500000000000004
5,2,1,1.0,3,0.5,2,25.0,0,0,0.10166666666666667
5,5,3,6.0,2,0.5,3,10.0,1,0,0.21333333333333335
4,0,4,3.5,4,0.0,4,10.0,0,0,0.26666666666666666
5,0,1,4.0,1,0.0,3,12.0,0,0,0.02666666666666667
4,0,3,3.0,2,0.0,0,8.0,0,0,0.05499999999999999
5,1,6,4.5,2,0.0,0,10.0,0,0,0.21166666666666667
3,0,0,0.0,3,0.0,9,2.0,0,0,0.0033333333333333335
5,0,2,0.0,0,0.0,2,8.0,0,0,0.0033333333333333335
5,0,1,0.0,3,0.0,2,4.0,0,0,0.013333333333333334
5,1,0,2.5,2,0.5,3,12.0,0,0,0.013333333333333334
3,0,0,0.0,0,0.0,0,6.0,0,0,0.0
5,0,0,0.0,0,0.0,0,14.0,0,0,0.0
4,0,2,0.0,1,1.0,4,12.0,0,0,0.0016666666666666668
5,0,2,0.0,2,0.0,3,30.0,0,0,0.0016666666666666668
4,0,0,3.0,1,0.0,3,14.0,0,0,0.0016666666666666668
5,1,0,6.0,2,0.0,2,2.0,1,0,0.13477777777777777
4,0,0,0.0,0,0.0,0,36.0,0,0,0.0
4,1,1,2.5,1,0.0,4,4.0,0,0,0.006666666666666667
1,0,0,2.5,2,0.0,0,6.0,0,0,0.0016666666666666668
5,5,3,3.5,0,0.5,1,11.0,0,0,0.26333333333333336
5,4,2,4.5,2,0.0,2,10.0,0,1,0.5783333333333333
4,5,6,3.5,2,0.0,0,10.0,1,0,0.37166666666666676
5,3,10,2.5,3,0.5,5,5.0,0,0,0.47500000000000003
5,2,1,2.0,1,0.5,1,23.0,1,1,0.63
5,5,12,9.0,5,0.5,15,1.0,0,0,0.365
5,0,3,3.0,2,0.0,6,10.0,0,0,0.12
5,5,4,9.0,1,0.0,5,60.0,0,0,0.09166666666666667
2,1,0,2.0,2,0.5,4,20.0,0,0,0.0016666666666666668
5,4,2,1.0,2,0.5,3,34.0,1,1,0.5299999999999999
5,1,4,4.5,2,0.0,3,19.0,0,0,0.245
4,5,0,3.0,2,0.0,6,18.0,1,1,0.5533333333333333
4,0,1,0.0,1,0.0,4,1.0,0,0,0.0033333333333333335
5,5,0,5.5,1,0.5,8,24.0,0,0,0.15333333333333335
5,1,4,2.5,2,0.0,5,2.0,1,1,0.6348253968253968
3,3,0,1.5,1,0.0,4,11.0,0,0,0.005
5,5,5,2.5,3,0.0,11,12.0,1,0,0.355
5,1,4,0.0,1,0.0,1,5.0,0,0,0.03166666666666667
5,5,4,5.5,1,0.5,4,16.0,1,0,0.17500000000000002
1,0,0,0.5,1,0.0,0,3.0,0,0,0.0
4,1,0,2.0,3,1.0,0,20.0,0,0,0.018333333333333333
5,5,8,3.5,1,0.0,8,35.0,0,0,0.33
5,5,3,5.0,1,0.0,2,18.0,0,0,0.455
4,0,0,0.5,0,0.0,4,22.0,0,0,0.0
1,0,0,1.0,1,0.0,0,32.0,0,0,0.0
3,0,0,0.5,3,0.0,0,2.0,0,0,0.0
5,1,1,1.5,2,0.0,2,14.0,0,0,0.013333333333333334
4,0,1,3.0,2,0.0,5,45.0,0,0,0.030000000000000002
5,1,2,0.5,4,0.5,3,10.0,0,0,0.02
5,5,2,0.0,1,0.0,2,2.0,0,0,0.45
3,0,0,0.5,1,0.0,3,15.0,0,0,0.0
5,2,0,0.0,2,1.0,0,26.0,0,0,0.006666666666666667
5,0,0,3.0,0,0.0,6,28.0,0,0,0.008333333333333333
5,2,4,4.5,1,0.0,6,24.0,1,0,0.46182539682539686
5,3,0,0.0,1,0.0,0,3.0,0,0,0.065
5,3,13,3.5,1,0.0,7,15.0,0,0,0.205
5,0,7,0.0,2,0.0,4,5.0,1,1,0.5183333333333334
5,4,6,4.5,3,0.0,8,15.0,0,0,0.375
1,0,0,0.0,0,0.0,1,21.0,0,0,0.0
5,0,0,2.5,1,0.0,4,4.0,0,0,0.0
5,5,0,7.5,2,0.5,0,1.0,0,0,0.06958333333333334
4,0,0,2.0,2,1.0,1,2.0,0,0,0.011666666666666667
4,4,1,0.0,2,0.0,1,5.0,1,0,0.24666666666666667
5,5,0,4.0,1,0.0,5,6.0,1,0,0.47361111111111115
5,5,4,3.0,1,0.0,3,16.0,0,0,0.14
1,0,0,0.0,3,1.0,2,6.0,0,0,0.0
5,5,3,0.0,1,0.0,3,36.0,0,1,0.5466666666666667
4,0,2,2.5,2,0.0,2,3.0,0,0,0.008333333333333333
5,2,1,3.5,1,0.0,3,36.0,0,0,0.13
2,0,0,0.0,2,0.0,3,20.0,0,0,0.0
5,3,0,5.0,1,0.0,0,30.0,0,0,0.11333333333333333
5,4,3,0.5,4,0.0,6,13.0,1,1,0.6066666666666666
3,2,0,0.0,2,0.0,4,10.0,0,0,0.0
5,2,1,7.5,1,0.5,2,7.0,0,0,0.05833333333333333
3,1,1,0.0,2,0.5,4,15.0,0,0,0.0
5,1,7,10.0,2,0.0,8,18.0,0,0,0.03
5,2,4,1.5,2,0.5,7,17.0,0,0,0.44333333333333336
4,4,0,0.5,1,0.5,4,30.0,0,0,0.14333333333333334
5,2,4,6.0,3,0.5,2,16.0,0,0,0.42333333333333334
5,5,3,3.0,1,0.0,2,17.0,0,0,0.2683333333333333
5,4,6,7.0,2,0.0,5,22.0,0,0,0.20666666666666667
3,0,3,1.0,2,0.0,2,15.0,0,0,0.0016666666666666668
5,4,3,2.0,1,0.0,5,8.0,0,0,0.10666666666666667
3,0,1,0.0,3,0.0,5,12.0,0,0,0.0
5,3,4,3.0,2,1.0,2,15.0,0,0,0.37666666666666665
5,1,0,6.0,2,0.0,1,4.0,0,0,0.045000000000000005
4,1,4,2.0,1,0.0,5,30.0,0,0,0.08833333333333333
5,1,1,4.0,1,0.0,1,4.0,0,0,0.03166666666666667
5,2,3,5.0,1,0.0,4,15.0,0,0,0.47333333333333333
3,0,0,0.0,0,0.0,17,1.0,0,0,0.01
3,1,0,0.0,0,0.0,4,40.0,0,0,0.0
4,0,0,1.5,0,0.5,0,4.0,0,0,0.0
5,2,1,1.0,1,0.0,2,8.0,0,0,0.06166666666666667
3,2,3,0.0,2,0.0,3,15.0,0,0,0.04666666666666667
5,1,1,0.0,1,1.0,4,13.0,0,0,0.016666666666666666
1,0,0,0.0,0,0.0,1,25.0,0,0,0.0
2,0,0,1.5,2,0.5,0,35.0,0,0,0.0
3,1,0,1.5,2,0.0,2,25.0,0,0,0.0016666666666666668
3,1,0,0.5,1,0.0,3,35.0,0,0,0.0
5,4,0,7.0,1,0.0,2,3.0,0,0,0.18833333333333332
5,2,0,3.0,1,0.0,0,15.0,0,0,0.21888888888888888
2,2,2,0.5,0,0.0,2,22.0,0,0,0.018333333333333333
5,0,0,0.5,3,0.0,1,19.0,0,0,0.006666666666666667
4,0,8,0.0,3,0.0,5,7.0,0,0,0.29833333333333334
5,4,4,5.0,2,0.5,3,5.0,0,0,0.3665277777777778
4,1,2,2.0,1,0.0,4,20.0,0,0,0.015
3,0,0,1.5,1,0.0,4,38.0,0,0,0.0
5,2,5,4.5,2,0.0,3,4.0,1,0,0.345
5,2,2,0.0,1,0.5,1,6.0,0,0,0.018333333333333333
5,2,5,6.0,1,0.0,1,32.0,0,0,0.3233333333333333
5,2,3,1.0,1,0.0,6,6.0,1,0,0.26
5,1,0,0.0,1,0.0,0,12.0,0,0,0.0
4,0,0,2.0,2,0.0,2,6.0,0,0,0.0016666666666666668
5,3,4,4.5,1,0.0,11,2.0,1,0,0.3666666666666667
5,5,2,3.5,2,0.5,3,25.0,1,1,0.5116666666666667
5,5,9,0.0,4,1.0,14,5.0,0,0,0.34500000000000003
3,2,0,3.5,2,0.0,2,5.0,0,0,0.02
5,2,7,2.5,2,0.0,4,4.0,1,1,0.59
4,4,2,4.5,4,0.0,4,4.0,1,1,0.5059722222222223
1,0,0,0.0,1,0.5,3,35.0,0,0,0.0
5,2,3,4.5,3,0.0,4,13.0,1,1,0.5449999999999999
5,5,4,7.0,1,0.5,3,17.0,0,0,0.09000000000000001
3,1,0,0.0,3,0.5,3,10.0,0,0,0.0
5,2,1,2.0,1,0.0,1,7.0,0,0,0.4008333333333334
5,0,0,3.0,1,0.0,4,10.0,0,0,0.0016666666666666668
5,1,4,4.5,1,0.5,6,16.0,0,0,0.3125
5,0,0,2.5,2,0.0,2,10.0,0,0,0.0033333333333333335
5,1,0,2.0,2,0.0,4,22.0,0,0,0.011666666666666667
5,1,0,3.5,2,0.0,2,35.0,0,0,0.06
5,1,0,0.5,3,0.5,0,2.0,0,0,0.01
1,0,0,0.5,2,0.0,0,9.0,0,0,0.0
5,0,2,4.0,1,0.0,5,1.0,0,0,0.1433333333333333
5,4,4,3.5,1,0.0,5,13.0,1,0,0.4583333333333333
5,0,4,2.5,3,0.0,0,7.0,1,0,0.22999999999999998
3,0,0,0.0,2,0.0,2,19.0,0,0,0.0
5,0,6,3.5,5,0.0,8,3.0,1,1,0.5583333333333332
1,0,0,0.0,2,0.0,1,17.0,0,0,0.0
5,0,0,0.0,4,0.0,1,18.0,0,0,0.0033333333333333335
3,0,4,1.0,3,0.0,4,2.0,0,0,0.028333333333333335
3,5,2,6.0,0,0.0,11,2.0,0,0,0.315
3,3,10,6.5,1,0.0,3,20.0,0,0,0.34833333333333333
5,0,0,1.0,1,0.0,2,36.0,0,0,0.0
5,1,2,3.0,1,0.0,5,28.0,0,1,0.5265277777777778
5,5,4,7.0,1,0.0,5,14.0,0,0,0.051666666666666666
1,0,0,0.5,0,0.0,0,1.0,0,0,0.0
4,0,0,1.5,1,0.0,4,5.0,0,0,0.0016666666666666668
5,5,0,10.0,1,1.0,0,12.0,0,0,0.011666666666666667
5,5,0,5.0,3,0.0,0,1.0,0,0,0.28833333333333333
5,5,3,3.0,0,0.0,0,2.0,0,0,0.3466666666666667
1,0,0,1.5,3,0.5,0,8.0,0,0,0.0
5,0,4,2.5,3,0.0,2,9.0,1,1,0.515
5,1,0,5.0,3,0.5,0,1.0,1,0,0.15166666666666664
5,1,3,4.0,2,1.0,4,30.0,0,0,0.325
4,0,0,2.0,2,0.5,3,21.0,0,0,0.0
5,4,3,1.5,2,0.0,1,6.0,1,0,0.39999999999999997
5,2,1,3.0,2,1.0,3,10.0,0,0,0.305
5,5,6,7.5,1,1.0,5,8.0,0,0,0.10166666666666667
5,1,3,8.0,1,0.0,4,20.0,0,0,0.015
3,2,0,1.5,3,0.0,5,34.0,0,0,0.006666666666666667
5,5,7,7.0,2,0.0,4,25.0,0,0,0.30666666666666664
4,1,6,0.5,1,0.0,3,12.0,0,0,0.09999999999999999
5,4,2,7.5,1,0.0,2,40.0,0,0,0.065
5,2,2,5.0,1,0.0,5,21.0,0,0,0.44249999999999995
3,3,0,1.0,2,1.0,0,10.0,0,0,0.008333333333333333
4,1,0,3.5,1,0.0,0,20.0,0,0,0.018333333333333333
5,0,3,2.0,2,0.5,2,18.0,0,0,0.05333333333333334
5,3,1,5.5,2,0.5,9,18.0,1,0,0.17333333333333334
5,0,0,0.0,3,0.5,0,13.0,0,0,0.0016666666666666668
5,4,9,8.5,2,0.0,5,6.0,0,0,0.06333333333333334
4,4,2,4.0,1,1.0,2,24.0,0,0,0.455
0,0,0,2.5,0,0.5,3,18.0,0,0,0.0
5,0,0,3.0,1,0.5,2,11.0,0,0,0.0016666666666666668
5,4,5,5.5,1,0.5,2,15.0,0,0,0.12666666666666668
4,0,0,1.0,2,0.0,5,1.0,0,0,0.0
5,0,4,2.5,2,0.0,6,1.0,1,0,0.09999999999999999
5,2,3,5.0,3,0.0,5,30.0,0,1,0.6255555555555555
5,1,0,3.5,3,0.5,2,5.0,0,0,0.043333333333333335
4,2,0,4.5,1,0.5,4,11.0,1,0,0.085
5,1,0,4.0,2,0.0,0,14.0,0,0,0.015
5,5,2,8.5,2,0.0,1,15.0,0,0,0.09166666666666667
5,1,3,0.5,1,1.0,8,25.0,0,0,0.19833333333333333
4,4,0,3.5,2,1.0,2,10.0,0,1,0.6016666666666667
5,2,2,3.0,2,0.0,4,5.0,0,0,0.48500000000000004
1,0,0,0.0,0,0.0,4,10.0,0,0,0.0
5,4,2,0.0,1,0.0,5,24.0,1,0,0.17
5,1,0,5.5,1,0.0,0,5.0,0,0,0.04
5,1,0,0.0,3,0.0,1,11.0,0,0,0.0016666666666666668
1,0,1,1.5,3,0.5,1,4.0,0,0,0.0
5,4,3,0.0,3,0.0,4,12.0,0,0,0.455
5,2,0,3.5,2,1.0,0,8.0,1,0,0.49333333333333335
5,5,3,8.0,3,0.0,6,5.0,0,0,0.07833333333333334
5,2,2,5.0,2,0.5,2,17.0,1,1,0.5533333333333333
5,2,0,9.5,1,0.0,4,19.0,0,0,0.13166666666666668
5,4,2,9.0,1,0.0,3,13.0,0,0,0.02666666666666667
3,0,0,0.0,3,0.0,0,1.0,0,0,0.0
5,2,4,4.0,2,1.0,2,3.0,0,0,0.3833333333333333
5,0,8,0.0,0,0.0,12,7.0,0,1,0.5016666666666667
5,5,2,2.5,2,1.0,4,1.0,0,0,0.16
1,0,0,0.0,2,0.0,8,8.0,0,0,0.0
4,2,0,0.5,2,0.0,5,8.0,0,0,0.013333333333333334
5,4,0,6.0,2,1.0,0,1.0,0,0,0.3790277777777778
1,0,0,0.0,3,1.0,0,7.0,0,0,0.0
5,3,0,4.5,0,0.0,4,30.0,0,0,0.425
4,1,0,1.0,1,0.0,0,20.0,0,0,0.0
5,4,0,1.0,2,0.0,3,25.0,0,0,0.49666666666666665
4,3,9,2.0,4,0.0,3,2.0,0,1,0.7033333333333333
5,0,0,0.0,0,0.0,11,10.0,0,0,0.0
5,0,0,0.0,1,0.0,0,15.0,0,0,0.0
5,1,4,2.5,2,1.0,2,38.0,0,0,0.2833333333333334
5,5,1,4.5,3,0.0,4,8.0,0,0,0.2608333333333333
5,5,10,6.0,2,0.0,6,13.0,0,0,0.33499999999999996
5,5,1,0.0,1,0.0,3,11.0,1,0,0.11166666666666668
1,2,1,0.0,2,0.0,3,8.0,0,0,0.0016666666666666668
5,2,1,2.5,1,0.0,3,22.0,1,0,0.12472222222222222
5,5,10,6.0,3,0.5,3,9.0,0,0,0.26999999999999996
4,1,0,1.5,2,0.5,0,1.0,0,0,0.0
5,5,5,4.0,2,0.0,4,22.0,1,1,0.5783333333333333
2,0,1,0.5,1,0.0,2,18.0,0,0,0.0
5,4,5,2.5,1,0.5,10,1.0,1,0,0.34
3,0,0,0.0,1,0.0,11,10.0,0,0,0.0033333333333333335
4,0,6,0.5,2,0.0,2,2.0,0,0,0.08666666666666667
3,0,2,3.0,3,0.0,3,23.0,0,0,0.008333333333333333
5,3,3,7.5,2,0.0,3,9.0,0,0,0.3789722222222222
4,1,3,3.0,1,0.0,3,5.0,0,0,0.06333333333333334
4,1,2,4.5,1,0.0,4,19.0,0,0,0.145
5,1,7,8.0,3,0.5,3,9.0,1,0,0.09666666666666668
5,5,3,5.5,2,0.0,3,38.0,0,0,0.21166666666666667
3,1,0,0.0,2,0.5,3,4.0,0,0,0.0016666666666666668
5,1,1,3.5,1,0.0,1,10.0,0,0,0.12666666666666668
5,3,2,5.0,3,0.0,4,25.0,1,1,0.5416666666666666
4,0,0,0.5,2,0.0,2,5.0,0,0,0.0
5,3,2,2.0,3,0.0,5,6.0,1,1,0.7083333333333334
3,0,0,0.0,2,0.0,1,28.0,0,0,0.0
4,1,1,1.0,2,0.0,3,9.0,0,0,0.0
5,5,4,4.5,1,0.0,3,11.0,0,0,0.16666666666666666
4,0,0,0.0,1,0.0,0,21.0,0,0,0.0
5,5,11,4.0,3,0.0,5,2.0,0,0,0.20666666666666667
5,4,7,5.5,2,1.0,6,30.0,1,0,0.42333333333333334
5,2,6,3.0,2,1.0,5,23.0,0,0,0.4766666666666666
5,1,7,3.0,0,0.0,1,10.0,0,0,0.42
4,1,0,0.0,3,0.0,4,11.0,0,0,0.0016666666666666668
5,3,7,5.0,1,0.0,1,16.0,1,0,0.105
5,0,3,3.0,0,0.0,3,15.0,0,0,0.02
5,1,2,6.5,1,0.5,3,10.0,0,0,0.24666666666666667
5,5,5,4.0,3,1.0,3,11.0,0,0,0.16666666666666666
5,0,5,0.5,2,0.0,8,25.0,0,0,0.17
5,5,0,3.5,2,0.5,4,8.0,0,0,0.42333333333333334
5,5,1,4.5,1,0.0,3,1.0,1,0,0.26775
5,4,6,2.5,3,0.5,5,18.0,0,1,0.5716666666666667
5,5,5,9.0,2,0.0,6,37.0,0,0,0.22666666666666666
5,0,1,3.5,3,0.0,4,3.0,0,0,0.013333333333333334
5,1,2,3.5,1,0.0,3,7.0,1,0,0.18833333333333332
3,2,3,0.0,2,0.0,5,11.0,0,0,0.041666666666666664
3,0,0,0.5,1,0.5,1,6.0,0,0,0.0
5,2,0,2.0,2,1.0,0,20.0,0,0,0.11833333333333333
5,0,1,1.5,3,0.5,4,9.0,0,0,0.011666666666666665
5,5,5,3.5,1,0.5,2,16.0,0,0,0.085
4,1,10,1.5,2,0.0,4,20.0,0,0,0.3933333333333333
5,0,0,0.0,1,0.0,0,20.0,0,0,0.0
5,1,3,1.5,1,0.0,7,7.0,1,0,0.14888888888888888
4,0,3,2.5,2,0.0,6,13.0,0,0,0.045000000000000005
5,4,2,4.0,2,1.0,4,6.0,0,0,0.20333333333333334
4,5,2,10.0,2,0.0,5,25.0,0,0,0.2233333333333333
4,1,0,4.5,3,0.5,5,1.0,0,0,0.135
3,1,0,0.0,1,0.5,3,22.0,0,0,0.0
5,5,7,7.0,2,0.5,8,10.0,0,0,0.29
5,5,4,0.5,1,1.0,3,12.0,0,0,0.205
4,4,0,5.0,3,0.0,6,3.0,0,1,0.5219444444444444
3,2,0,0.5,1,0.5,1,25.0,0,0,0.0
4,0,0,0.5,1,0.0,1,11.0,0,0,0.0
5,5,0,0.0,1,0.0,1,25.0,0,0,0.4526587301587302
5,4,4,10.0,2,0.0,3,15.0,0,0,0.056666666666666664
5,2,1,3.5,2,1.0,3,19.0,0,0,0.24333333333333332
5,0,5,4.5,1,0.0,4,13.0,0,0,0.3016666666666667
5,5,6,5.0,2,0.0,3,2.0,0,0,0.17
1,1,0,0.0,1,0.0,3,11.0,0,0,0.0
4,2,0,0.0,0,0.0,3,37.0,0,0,0.013333333333333334
4,2,0,0.0,1,0.0,2,23.0,0,0,0.0016666666666666668
5,5,5,2.5,2,0.5,3,11.0,1,0,0.14833333333333332
3,0,0,0.0,1,0.0,0,30.0,0,0,0.0
1,0,5,0.0,0,0.0,4,2.0,0,0,0.006666666666666667
5,5,1,4.0,2,0.0,4,6.0,1,0,0.4642896825396825
4,2,3,4.0,2,0.0,2,5.0,0,0,0.4216666666666667
5,5,0,10.0,3,0.0,10,15.0,0,0,0.08
3,2,1,1.5,2,0.0,4,27.0,0,0,0.018333333333333333
5,5,0,2.0,0,1.0,0,25.0,0,0,0.14
4,4,10,4.0,2,0.0,6,25.0,0,1,0.695
1,0,0,0.0,1,0.0,0,15.0,0,0,0.0
5,4,3,4.0,3,0.0,2,7.0,0,0,0.3852777777777778
5,0,0,3.0,3,0.5,7,3.0,0,0,0.01
3,0,2,0.0,1,0.0,2,11.0,0,0,0.0
1,0,0,0.0,1,0.0,0,6.0,0,0,0.0
